<?xml version="1.0" encoding="utf-8" standalone="yes" ?>
<rss version="2.0" xmlns:atom="http://www.w3.org/2005/Atom">
  <channel>
    <title>Utorrent on SystemOut</title>
    <link>http://systemout.net/tags/utorrent/</link>
    <description>Recent content in Utorrent on SystemOut</description>
    <generator>Hugo -- gohugo.io</generator>
    <language>en-us</language>
    <managingEditor>nmj@systemout.net (Nicklas Møller Jepsen)</managingEditor>
    <webMaster>nmj@systemout.net (Nicklas Møller Jepsen)</webMaster>
    <lastBuildDate>Fri, 23 Mar 2012 00:00:00 +0000</lastBuildDate>
    <atom:link href="http://systemout.net/tags/utorrent/index.xml" rel="self" type="application/rss+xml" />
    
    <item>
      <title>uTorrent/BitTorrent Disk Overloaded Fix</title>
      <link>http://systemout.net/2012/03/23/utorrentbittorrent-disk-overloaded-fix/</link>
      <pubDate>Fri, 23 Mar 2012 00:00:00 +0000</pubDate>
      <author>nmj@systemout.net (Nicklas Møller Jepsen)</author>
      <guid>http://systemout.net/2012/03/23/utorrentbittorrent-disk-overloaded-fix/</guid>
      <description>

&lt;p&gt;This post is definitely not about programming, but I wasn’t able to find a fix for the uTorrent Disk Overloaded problem and decided to make a post about the solution.&lt;/p&gt;

&lt;p&gt;But first the problem: When downloading torrents using uTorrent/BitTorrent I have recently experienced a constant Disk Overloaded error displaying in the status bar causing any torrents to download at about max. 400-500 kb/sec. This is definitely not very nice if you’re downloading the newest Windows 8 beta’s or other large files.&lt;/p&gt;

&lt;p&gt;The problem is obviously caused by uTorrent trying to write extremely often to the disk and therefore it just took 2 changes to the settings before my download speed accelerated again.&lt;/p&gt;

&lt;h1 id=&#34;uncheck-the-write-out-settings:33c6b5a183a1c76864a87ffcf12247ee&#34;&gt;Uncheck the write out settings&lt;/h1&gt;

&lt;p&gt;There are some post suggesting to uncheck the ‘Enable caching of disk writes’ but that just seems wrong, because we DO want to cache the writes so we’re not writing to the disk constantly. However the 2 sub settings we do want to uncheck; ‘Write out untouched blocks every 2 minutes’ and ‘ Write out finished pieces immediately’. Especially the last one is important.&lt;/p&gt;

&lt;p&gt;So here’s my settings:&lt;/p&gt;

&lt;p&gt;&lt;a href=&#34;http://systemout.net/wp-content/uploads/2012/03/uTorrent.png&#34;&gt;&lt;img style=&#34;background-image: none; border-bottom: 0px; border-left: 0px; padding-left: 0px; padding-right: 0px; display: inline; border-top: 0px; border-right: 0px; padding-top: 0px&#34; title=&#34;uTorrent&#34; border=&#34;0&#34; alt=&#34;uTorrent&#34; src=&#34;http://systemout.net/wp-content/uploads/2012/03/uTorrent_thumb.png&#34; width=&#34;669&#34; height=&#34;498&#34; /&gt;&lt;/a&gt;&amp;nbsp;&lt;/p&gt;

&lt;script async src=&#34;//pagead2.googlesyndication.com/pagead/js/adsbygoogle.js&#34;&gt;&lt;/script&gt;
&lt;!-- links1 --&gt;
&lt;ins class=&#34;adsbygoogle&#34;
     style=&#34;display:inline-block;width:728px;height:15px&#34;
     data-ad-client=&#34;ca-pub-5807169669170468&#34;
     data-ad-slot=&#34;6444119354&#34;&gt;&lt;/ins&gt;
&lt;script&gt;
(adsbygoogle = window.adsbygoogle || []).push({});
&lt;/script&gt;

&lt;p&gt;For the record; I also changed the cache size to 1800 and disabled Windows caching of disk reads/writes – not sure if that has any effect.&lt;/p&gt;

&lt;div style=&#34;font-size:0px;height:0px;line-height:0px;margin:0;padding:0;clear:both&#34;&gt;
&lt;/div&gt;
</description>
    </item>
    
  </channel>
</rss>