<?xml version="1.0" encoding="utf-8" standalone="yes" ?>
<rss version="2.0" xmlns:atom="http://www.w3.org/2005/Atom">
  <channel>
    <title>Gravatar on SystemOut</title>
    <link>http://systemout.net/tags/gravatar/</link>
    <description>Recent content in Gravatar on SystemOut</description>
    <generator>Hugo -- gohugo.io</generator>
    <language>en-us</language>
    <managingEditor>nmj@systemout.net (Nicklas Møller Jepsen)</managingEditor>
    <webMaster>nmj@systemout.net (Nicklas Møller Jepsen)</webMaster>
    <lastBuildDate>Sat, 08 Aug 2015 00:00:00 +0000</lastBuildDate>
    <atom:link href="http://systemout.net/tags/gravatar/index.xml" rel="self" type="application/rss+xml" />
    
    <item>
      <title>Gravatar C# API</title>
      <link>http://systemout.net/2015/08/08/gravatar-csharp-api/</link>
      <pubDate>Sat, 08 Aug 2015 00:00:00 +0000</pubDate>
      <author>nmj@systemout.net (Nicklas Møller Jepsen)</author>
      <guid>http://systemout.net/2015/08/08/gravatar-csharp-api/</guid>
      <description>&lt;p&gt;Each time I write a new app that involves users (which is pretty often) I think it would be nice to be able to display their own profile image, without the need of authenticating them against facebook, Linkedin or by using their Microsoft account.&lt;/p&gt;

&lt;p&gt;Therefore I decided to use Gravatar, which basically allows you to request a user image (avatar) when you only know their email address. This is pretty simply and you can just make a plain HTTP GET and get their image url in response. Try this:&lt;/p&gt;

&lt;p&gt;&lt;code&gt;http://gravatar.com/avatar/f561d9206d313b49f9bde3bd50803b84&lt;/code&gt;&lt;/p&gt;

&lt;p&gt;If you don&amp;rsquo;t want to read any more and just want the Nuget package:&lt;/p&gt;

&lt;p&gt;&lt;code&gt;Install-Package GravatarSharp.Core&lt;/code&gt;&lt;/p&gt;

&lt;p&gt;Now, there is now email address in this request, and that is because Gravatar uses a hash of the users email. So you would need some way of generating the hash from the users email and then making the request.
Further more you can retrieve lots of other information about the users presented in JSON format:&lt;/p&gt;

&lt;p&gt;&lt;code&gt;http://en.gravatar.com/nicklasjepsen.json]&lt;/code&gt;&lt;/p&gt;

&lt;p&gt;Because I write many applications that could use this, and because I love small APIs/libraries I decided to make a Gravatar C# API and put the code on Github and make the API distributable using Nuget.&lt;/p&gt;

&lt;p&gt;You can find the project here &lt;a href=&#34;https://github.com/nicklasjepsen/GravatarSharp&#34;&gt;on Github&lt;/a&gt;&lt;/p&gt;

&lt;p&gt;And on Nuget: &lt;a href=&#34;https://www.nuget.org/packages/GravatarSharp.Core&#34;&gt;GravatarSharp.Core&lt;/a&gt;&lt;/p&gt;

&lt;p&gt;If you just need to install the Nuget package for a project, simply open the package manager and enter:&lt;/p&gt;

&lt;p&gt;&lt;code&gt;Install-Package GravatarSharp.Core&lt;/code&gt;&lt;/p&gt;
</description>
    </item>
    
  </channel>
</rss>