<?xml version="1.0" encoding="utf-8" standalone="yes" ?>
<rss version="2.0" xmlns:atom="http://www.w3.org/2005/Atom">
  <channel>
    <title>Deploying on SystemOut</title>
    <link>http://systemout.net/categories/deploying/</link>
    <description>Recent content in Deploying on SystemOut</description>
    <generator>Hugo -- gohugo.io</generator>
    <language>en-us</language>
    <managingEditor>nmj@systemout.net (Nicklas Møller Jepsen)</managingEditor>
    <webMaster>nmj@systemout.net (Nicklas Møller Jepsen)</webMaster>
    <lastBuildDate>Tue, 20 Mar 2012 00:00:00 +0000</lastBuildDate>
    <atom:link href="http://systemout.net/categories/deploying/index.xml" rel="self" type="application/rss+xml" />
    
    <item>
      <title>Publish WCF Service on IIS</title>
      <link>http://systemout.net/2012/03/20/publish-wcf-service-on-iis/</link>
      <pubDate>Tue, 20 Mar 2012 00:00:00 +0000</pubDate>
      <author>nmj@systemout.net (Nicklas Møller Jepsen)</author>
      <guid>http://systemout.net/2012/03/20/publish-wcf-service-on-iis/</guid>
      <description>

&lt;p&gt;Recently I needed to publish a WCF service on an IIS. This progress I quite smooth when you just need to access the WCF service locally, but ones you need to publish the service on the great Internet, things are a little more difficult.&lt;/p&gt;

&lt;h1 id=&#34;publishing-the-wsdl:2dfe303ef8c9fb481ee449fd73df7f75&#34;&gt;Publishing the WSDL&lt;/h1&gt;

&lt;p&gt;The ‘WSDL generation strategy’ when using WCF is that you get multiple documents to describe your service. This can lead to some problems if you’re just publishing without making some customizations.&lt;/p&gt;

&lt;p&gt;Have a look at the wsdl:types:&lt;/p&gt;

&lt;pre class=&#34;brush: xml; title: ; notranslate&#34; title=&#34;&#34;&gt;&amp;lt;wsdl:types&amp;gt;
    &amp;lt;xsd:schema targetNamespace=&#34;http://tempuri.org/Imports&#34;&amp;gt;
        &amp;lt;xsd:import schemaLocation=&#34;http://localhost/Service/Service.svc?xsd=xsd0&#34;namespace=&#34;http://tempuri.org/&#34;/&amp;gt;
        &amp;lt;xsd:import schemaLocation=&#34;http://localhost/Service/Service.svc?xsd=xsd2&#34;namespace=&#34;http://schemas.datacontract.org/2004/07/Service.Interface&#34;/&amp;gt;
    &amp;lt;/xsd:schema&amp;gt;
&amp;lt;/wsdl:types&amp;gt;
&lt;/pre&gt;

&lt;p&gt;Notice the localhost, that will definitely cause some trouble if you need to consume the WSDL from an external machine.&lt;/p&gt;

&lt;h1 id=&#34;how-to-fix-this:2dfe303ef8c9fb481ee449fd73df7f75&#34;&gt;How to fix this?&lt;/h1&gt;

&lt;p&gt;There’re two ways to solve this (if not more):&lt;/p&gt;

&lt;ul&gt;
&lt;li&gt;Fix the host name (this post)&lt;/li&gt;
&lt;li&gt;Generate a single WSDL (future post)&lt;/li&gt;
&lt;/ul&gt;

&lt;h2 id=&#34;fix-the-host-name:2dfe303ef8c9fb481ee449fd73df7f75&#34;&gt;Fix the host name&lt;/h2&gt;

&lt;p&gt;It’s actually the IIS who are responsible of the host name. Therefore we need to configure the bindings for the web site the WCF service is hosted on.&lt;/p&gt;

&lt;p&gt;Go to IIS Manager, right click the web site and choose Edit bindings:&lt;/p&gt;

&lt;p&gt;&lt;a href=&#34;http://systemout.net/wp-content/uploads/2012/03/iis_tree.png&#34;&gt;&lt;img style=&#34;background-image: none; padding-left: 0px; padding-right: 0px; display: inline; padding-top: 0px; border: 0px;&#34; title=&#34;iis_tree&#34; src=&#34;http://systemout.net/wp-content/uploads/2012/03/iis_tree_thumb.png&#34; alt=&#34;iis_tree&#34; width=&#34;211&#34; height=&#34;74&#34; border=&#34;0&#34; /&gt;&lt;/a&gt;&lt;/p&gt;

&lt;p&gt;Now click the Add button and enter the external host name or ip where your service/wsdl will be available from:&lt;/p&gt;

&lt;p&gt;&lt;a href=&#34;http://systemout.net/wp-content/uploads/2012/03/addbinding.png&#34;&gt;&lt;img style=&#34;background-image: none; padding-left: 0px; padding-right: 0px; display: inline; padding-top: 0px; border: 0px;&#34; title=&#34;addbinding&#34; src=&#34;http://systemout.net/wp-content/uploads/2012/03/addbinding_thumb.png&#34; alt=&#34;addbinding&#34; width=&#34;244&#34; height=&#34;133&#34; border=&#34;0&#34; /&gt;&lt;/a&gt;&lt;/p&gt;

&lt;p&gt;Restart the web site and go to &lt;a href=&#34;http://mydomain.com/serviceAlias/Service.svc?wsdl&#34;&gt;http://mydomain.com/serviceAlias/Service.svc?wsdl&lt;/a&gt; and your should see that the imports are now using the external host name.&lt;/p&gt;

&lt;h2 id=&#34;generate-a-single-wsdl:2dfe303ef8c9fb481ee449fd73df7f75&#34;&gt;Generate a single WSDL&lt;/h2&gt;

&lt;p&gt;You can also choose to generate a single WSDL file for your WCF service. I will post about that later, meanwhile take a look at &lt;a href=&#34;http://weblogs.asp.net/pglavich/archive/2010/03/16/making-wcf-output-a-single-wsdl-file-for-interop-purposes.aspx&#34; target=&#34;_blank&#34;&gt;this great article&lt;/a&gt; that describes it – although I find it a bit to complex and therefore are going to write my own post about it when the time comes &lt;img class=&#34;wlEmoticon wlEmoticon-smile&#34; style=&#34;border-style: none;&#34; src=&#34;http://systemout.net/wp-content/uploads/2012/03/wlEmoticon-smile.png&#34; alt=&#34;Smile&#34; /&gt;&lt;/p&gt;

&lt;div style=&#34;font-size:0px;height:0px;line-height:0px;margin:0;padding:0;clear:both&#34;&gt;
&lt;/div&gt;
</description>
    </item>
    
  </channel>
</rss>