<?xml version="1.0" encoding="utf-8" standalone="yes" ?>
<rss version="2.0" xmlns:atom="http://www.w3.org/2005/Atom">
  <channel>
    <title>Iis on SystemOut</title>
    <link>http://systemout.net/tags/iis/</link>
    <description>Recent content in Iis on SystemOut</description>
    <generator>Hugo -- gohugo.io</generator>
    <language>en-us</language>
    <managingEditor>nmj@systemout.net (Nicklas Møller Jepsen)</managingEditor>
    <webMaster>nmj@systemout.net (Nicklas Møller Jepsen)</webMaster>
    <lastBuildDate>Mon, 22 Jun 2015 00:00:00 +0000</lastBuildDate>
    <atom:link href="http://systemout.net/tags/iis/index.xml" rel="self" type="application/rss+xml" />
    
    <item>
      <title>404 Hubs Not Found And Debugging Problems</title>
      <link>http://systemout.net/2014/07/17/404-hubs-not-found-and-debugging-problems/</link>
      <pubDate>Mon, 22 Jun 2015 00:00:00 +0000</pubDate>
      <author>nmj@systemout.net (Nicklas Møller Jepsen)</author>
      <guid>http://systemout.net/2014/07/17/404-hubs-not-found-and-debugging-problems/</guid>
      <description>

&lt;h2 id=&#34;introduction:c19d32463fb40573265337c22adbb0e8&#34;&gt;Introduction&lt;/h2&gt;

&lt;p&gt;When working with SignalR I sometimes stumble upon some irritating problems that mostly seems related to Visual Studio and maybe also related to the SignalR framework being relatively new.&lt;/p&gt;

&lt;p&gt;In this post I have assembled some of the errors I have been facing while developing with SignalR.&lt;/p&gt;

&lt;h3 id=&#34;404-hub-s-not-found:c19d32463fb40573265337c22adbb0e8&#34;&gt;404 Hub(s) not found&lt;/h3&gt;

&lt;p&gt;This error seems to have a different solution whether you have deployed your app to IIS or you are debugging.&lt;/p&gt;

&lt;h5 id=&#34;debugging:c19d32463fb40573265337c22adbb0e8&#34;&gt;Debugging&lt;/h5&gt;

&lt;p&gt;I have experienced a lot of difficulties while debugging/running my SignalR apps in Visual Studio 2013. Sometimes, when I reopen a solution that previously “just worked”, it all of the sudden don’t anymore, meaning that the ~/signalr/hubs gives a 404 on localhost or the client can not be found. A fix for this seems to be the following:&lt;/p&gt;

&lt;ol&gt;
&lt;li&gt;Close Visual Studio&lt;/li&gt;
&lt;li&gt;Make sure IIS Express is shutdown also (look for the IIS Express tray icon)&lt;/li&gt;
&lt;li&gt;Start Visual Studio&lt;/li&gt;
&lt;/ol&gt;

&lt;p&gt;If the above doesn&amp;rsquo;t work, sometimes going out for a cup of coffee and returning does :)&lt;/p&gt;

&lt;h5 id=&#34;deployed-on-iis:c19d32463fb40573265337c22adbb0e8&#34;&gt;Deployed on IIS&lt;/h5&gt;

&lt;p&gt;This is most likely related to the hub reference and how you are hosting the SignalR site on the server. I have written a post about the case, which you can find &lt;a href=&#34;http://systemout.net/2014/07/15/signalr-hub-reference-done-right/&#34;&gt;right here&lt;/a&gt;.&lt;/p&gt;

&lt;h3 id=&#34;troubleshooting:c19d32463fb40573265337c22adbb0e8&#34;&gt;Troubleshooting&lt;/h3&gt;

&lt;p&gt;Remember that you can enable detailed errors when trying to troubleshoot SignalR related problems. Just add this to your OWIN Startup.cs:&lt;/p&gt;

&lt;p&gt;&lt;div class=&#34;highlight&#34; style=&#34;background: #f0f0f0&#34;&gt;&lt;pre style=&#34;line-height: 125%&#34;&gt;&lt;span style=&#34;color: #902000&#34;&gt;var&lt;/span&gt; hubConfiguration = &lt;span style=&#34;color: #007020; font-weight: bold&#34;&gt;new&lt;/span&gt; HubConfiguration
{
	EnableDetailedErrors = &lt;span style=&#34;color: #007020; font-weight: bold&#34;&gt;true&lt;/span&gt;,
};
app.MapSignalR(&lt;span style=&#34;color: #4070a0&#34;&gt;&amp;quot;/~/signalr&amp;quot;&lt;/span&gt;, hubConfiguration);
&lt;/pre&gt;&lt;/div&gt;
&lt;/p&gt;

&lt;p&gt;Leave a comment if you have any other problems, and I&amp;rsquo;ll be glad to try and help out!&lt;/p&gt;
</description>
    </item>
    
    <item>
      <title>Calling SignalR Hub from a C# WCF Service</title>
      <link>http://systemout.net/2014/07/25/calling-signalr-hub-from-a-csharp-wcf-service</link>
      <pubDate>Fri, 25 Jul 2014 00:00:00 +0000</pubDate>
      <author>nmj@systemout.net (Nicklas Møller Jepsen)</author>
      <guid>http://systemout.net/2014/07/25/calling-signalr-hub-from-a-csharp-wcf-service</guid>
      <description>

&lt;h2 id=&#34;introduction:1c0b33ef5ca6cf9a2ff28d934b29da72&#34;&gt;Introduction&lt;/h2&gt;

&lt;p&gt;&lt;strong&gt;UPDATE&lt;/strong&gt;: See all my SignalR tutorials &lt;a href=&#34;http://systemout.net/categories/signalr/&#34;&gt;right here&lt;/a&gt; or find a post about how to list users that are connected &lt;a href=&#34;http://systemout.net/2015/06/10/developing-a-who-is-on-chat-web-app-using-signalr-and-wpf/&#34;&gt;right here&lt;/a&gt;.&lt;/p&gt;

&lt;p&gt;Download the source for this tutorial here: &lt;a href=&#34;http://1drv.ms/1qEpMtQ&#34;&gt;http://1drv.ms/1qEpMtQ&lt;/a&gt;&lt;/p&gt;

&lt;p&gt;In a previous blog post I wrote a tutorial on how to develop and deploy a simple SignalR chat application using the bare minimum as a proof of concept. You can find that post right here: &lt;a href=&#34;http://systemout.net/2014/07/17/developing-and-deploying-a-signalr-chat-web-app-to-iis/&#34;&gt;http://systemout.net/2014/07/17/developing-and-deploying-a-signalr-chat-web-app-to-iis/&lt;/a&gt;&lt;/p&gt;

&lt;p&gt;In this tutorial, we are going to make a WCF service that can talk to the SignalR chat app and broadcast messages from &amp;ldquo;the system&amp;rdquo; - not by a user.
SignalR is easy to use with JavaScript, but if you need to broadcast messages to the SignalR hub, you need to use a browser (JavaScript) or otherwise things get a little more complicated.
This tutorial, will guide you to calling SignalR hub methods from a WCF service that recides in a different DLL than the SignalR host.&lt;/p&gt;

&lt;h3 id=&#34;setup:1c0b33ef5ca6cf9a2ff28d934b29da72&#34;&gt;Setup&lt;/h3&gt;

&lt;p&gt;This tutorial uses the Chat web app as implemented in the previous mention blog post, you can find the solution from that post rigth here: &lt;a href=&#34;http://1drv.ms/1wB5IWF&#34;&gt;http://1drv.ms/1wB5IWF&lt;/a&gt;
Oh, and if you want to see the app in action, you can try it out right here: &lt;a href=&#34;http://systemout.net:56677/ChatWebApp/Messenger.html?username=User1&#34;&gt;http://systemout.net:56677/ChatWebApp/Messenger.html?username=User1&lt;/a&gt;&lt;/p&gt;

&lt;p&gt;We are going to add a WCF service to the ChatWebApp solution and provide functionality that allows the WCF service to invoke methods on the SignalR hub.&lt;/p&gt;

&lt;h3 id=&#34;creating-the-wcf-service:1c0b33ef5ca6cf9a2ff28d934b29da72&#34;&gt;Creating the WCF Service&lt;/h3&gt;

&lt;p&gt;Open up the ChatWebApp solution.
Add a WCF Service Application, name it WcfService:
&lt;img src=&#34;http://systemout.net/images/SignalRCreateWcfServiceProject.png&#34; alt=&#34;&#34; /&gt;
&lt;/p&gt;

&lt;p&gt;Now add the SignalR depencies, right click References &amp;gt; Manage NuGet Packages &amp;gt; Search for SignalR &amp;gt; Install &lt;strong&gt;Microsoft ASP.NET SignalR .NET Client&lt;/strong&gt; and &lt;strong&gt;Microsoft ASP.NET SignalR Core Components&lt;/strong&gt;.&lt;/p&gt;

&lt;p&gt;We also need a reference to the ChatWebApp project, so if you are not building on the ChatWebApp project which you can download in the top of this post, you need to write your own Hub class. But, for this tutorial we are using the ChatWebApp, so add a reference to that project.&lt;/p&gt;

&lt;script async src=&#34;//pagead2.googlesyndication.com/pagead/js/adsbygoogle.js&#34;&gt;&lt;/script&gt;
&lt;!-- ResponsiveHeader --&gt;
&lt;ins class=&#34;adsbygoogle&#34;
     style=&#34;display:block&#34;
     data-ad-client=&#34;ca-pub-5807169669170468&#34;
     data-ad-slot=&#34;5652122954&#34;
     data-ad-format=&#34;auto&#34;&gt;&lt;/ins&gt;
&lt;script&gt;
(adsbygoogle = window.adsbygoogle || []).push({});
&lt;/script&gt;

&lt;p&gt;VS have created the basic files needed to host the WCF Service but I have renamed the IService1.cs and Service1.cs to ISystemService.cs and SystemService.
Replace the code in &lt;strong&gt;SystemService.cs&lt;/strong&gt; with:
&lt;div class=&#34;highlight&#34; style=&#34;background: #f0f0f0&#34;&gt;&lt;pre style=&#34;line-height: 125%&#34;&gt;    &lt;span style=&#34;color: #007020; font-weight: bold&#34;&gt;public&lt;/span&gt; &lt;span style=&#34;color: #007020; font-weight: bold&#34;&gt;class&lt;/span&gt; &lt;span style=&#34;color: #0e84b5; font-weight: bold&#34;&gt;SystemService&lt;/span&gt; : ISystemService
    {
        &lt;span style=&#34;color: #007020; font-weight: bold&#34;&gt;private&lt;/span&gt; &lt;span style=&#34;color: #007020; font-weight: bold&#34;&gt;readonly&lt;/span&gt; IHubProxy messageHub;

        &lt;span style=&#34;color: #007020; font-weight: bold&#34;&gt;public&lt;/span&gt; &lt;span style=&#34;color: #06287e&#34;&gt;SystemService&lt;/span&gt;()
        {
            &lt;span style=&#34;color: #902000&#34;&gt;var&lt;/span&gt; connection = &lt;span style=&#34;color: #007020; font-weight: bold&#34;&gt;new&lt;/span&gt; HubConnection(&lt;span style=&#34;color: #4070a0&#34;&gt;&amp;quot;http://localhost:yourport/~/&amp;quot;&lt;/span&gt;);
            messageHub = connection.CreateHubProxy(&lt;span style=&#34;color: #4070a0&#34;&gt;&amp;quot;MessageHub&amp;quot;&lt;/span&gt;);
            connection.Start().Wait();
        }

        &lt;span style=&#34;color: #007020; font-weight: bold&#34;&gt;public&lt;/span&gt; &lt;span style=&#34;color: #007020; font-weight: bold&#34;&gt;void&lt;/span&gt; &lt;span style=&#34;color: #06287e&#34;&gt;SendMessage&lt;/span&gt;(&lt;span style=&#34;color: #902000&#34;&gt;string&lt;/span&gt; sender, &lt;span style=&#34;color: #902000&#34;&gt;string&lt;/span&gt; message)
        {
            messageHub.Invoke(&lt;span style=&#34;color: #4070a0&#34;&gt;&amp;quot;SendMessage&amp;quot;&lt;/span&gt;, sender, message);
        }
    }
&lt;/pre&gt;&lt;/div&gt;

In the constructor of the service were a making a connection to the hub and creating a proxy for the MessageHub in the ChatWebApp project and last we are starting the connection.
Maybe you don&amp;rsquo;t need the ~ at the end of the hub connection URL, but again, if working on the ChatWebApp you do.&lt;/p&gt;

&lt;p&gt;The service publishes one operation: SendMessage. I don&amp;rsquo;t think further introduction to the workings are required, &lt;strong&gt;but&lt;/strong&gt; it is important the the method we are invoking on the hub is written exactly as it is named in the hub.&lt;/p&gt;

&lt;p&gt;Now to the interface; replace the code in the ISystemService.cs whit this:
&lt;div class=&#34;highlight&#34; style=&#34;background: #f0f0f0&#34;&gt;&lt;pre style=&#34;line-height: 125%&#34;&gt;&lt;span style=&#34;color: #4070a0&#34;&gt;    [ServiceContract]&lt;/span&gt;
    &lt;span style=&#34;color: #007020; font-weight: bold&#34;&gt;public&lt;/span&gt; &lt;span style=&#34;color: #007020; font-weight: bold&#34;&gt;interface&lt;/span&gt; ISystemService
    {
&lt;span style=&#34;color: #4070a0&#34;&gt;        [OperationContract]&lt;/span&gt;
        &lt;span style=&#34;color: #007020; font-weight: bold&#34;&gt;void&lt;/span&gt; &lt;span style=&#34;color: #06287e&#34;&gt;SendMessage&lt;/span&gt;(&lt;span style=&#34;color: #902000&#34;&gt;string&lt;/span&gt; sender, &lt;span style=&#34;color: #902000&#34;&gt;string&lt;/span&gt; message);
    }
&lt;/pre&gt;&lt;/div&gt;

And that&amp;rsquo;s it! We are ready to run the service.
Mark the SystemService.cs file and hit F5 to bring up the WCF Test Client GUI the Visual Studio provides where you can invoke the SendMessage operation.&lt;/p&gt;

&lt;p&gt;If you want, you can try to connect to the ChatWebApp that I have running, simply create the hub connection like so:
&lt;div class=&#34;highlight&#34; style=&#34;background: #f0f0f0&#34;&gt;&lt;pre style=&#34;line-height: 125%&#34;&gt;	&lt;span style=&#34;color: #902000&#34;&gt;var&lt;/span&gt; connection = &lt;span style=&#34;color: #007020; font-weight: bold&#34;&gt;new&lt;/span&gt; HubConnection(&lt;span style=&#34;color: #4070a0&#34;&gt;&amp;quot;http://systemout.net:56677/ChatWebApp/~/&amp;quot;&lt;/span&gt;);
&lt;/pre&gt;&lt;/div&gt;

Then you can go to:&lt;a href=&#34;http://systemout.net:56677/ChatWebApp/Messenger.html?username=user1&#34; target=&#34;_blank&#34;&gt; my demo site&lt;/a&gt; and see that the messages you send from your WCF service are send all the way to my server in Denmark and back to your browser :)&lt;/p&gt;

&lt;p&gt;&lt;img src=&#34;http://systemout.net/images/ChromeExample.png&#34; alt=&#34;&#34; /&gt;
&lt;/p&gt;

&lt;p&gt;You can download the updated solution including the WCF service here: &lt;a href=&#34;http://1drv.ms/1qEpMtQ&#34;&gt;http://1drv.ms/1qEpMtQ&lt;/a&gt;&lt;/p&gt;

&lt;p&gt;&lt;strong&gt;&lt;a href=&#34;http://systemout.net/2015/06/10/developing-a-who-is-on-chat-web-app-using-signalr-and-wpf/&#34;&gt;You can find my new post about how to create a &amp;ldquo;Who Is On&amp;rdquo; SignalR service right here!&lt;/a&gt;&lt;/strong&gt;&lt;/p&gt;
</description>
    </item>
    
    <item>
      <title>Developing and Deploying a SignalR Chat Web App to IIS</title>
      <link>http://systemout.net/2014/07/17/developing-and-deploying-a-signalr-chat-web-app-to-iis/</link>
      <pubDate>Thu, 17 Jul 2014 00:00:00 +0000</pubDate>
      <author>nmj@systemout.net (Nicklas Møller Jepsen)</author>
      <guid>http://systemout.net/2014/07/17/developing-and-deploying-a-signalr-chat-web-app-to-iis/</guid>
      <description>

&lt;h2 id=&#34;introduction:819ac8d9cdec72dc096ec55720e219a7&#34;&gt;Introduction&lt;/h2&gt;

&lt;p&gt;Download the complete solution: &lt;a href=&#34;http://1drv.ms/1wB5IWF&#34;&gt;http://1drv.ms/1wB5IWF&lt;/a&gt;&lt;/p&gt;

&lt;p&gt;In this tutorial I&amp;rsquo;m going to show you how you with ease can develop and deploy you very own SignalR Chat App!&lt;/p&gt;

&lt;p&gt;The SignalR framework is great for bidirectional communication becauses it uses WebSockets. SignalR handles all the connections and you just need to focuse on implementing your business logic.
&lt;strong&gt;But&lt;/strong&gt;, I have found, that it can be a bit of a fuzz to setup, and to get a connection to the SignalR Hub (which I&amp;rsquo;ll explain in details in a bit), and therefore I wrote this tutorial.&lt;/p&gt;

&lt;p&gt;&lt;em&gt;UPDATE&lt;/em&gt;: I have posted &lt;a href=&#34;http://systemout.net/2015/06/10/developing-a-who-is-on-chat-web-app-using-signalr-and-wpf/&#34;&gt;a new tutorial&lt;/a&gt; showing how it is possible to let the clients see who is online. That post builds on this tutorial, so check it out after you have read this one!&lt;/p&gt;

&lt;h3 id=&#34;the-setup:819ac8d9cdec72dc096ec55720e219a7&#34;&gt;The Setup&lt;/h3&gt;

&lt;p&gt;We are going to need the following:&lt;/p&gt;

&lt;ul&gt;
&lt;li&gt;A HTML page&lt;/li&gt;
&lt;li&gt;A javaScript&lt;/li&gt;
&lt;li&gt;A MessageHub (C#)&lt;/li&gt;
&lt;li&gt;A Startup file (also C#)&lt;/li&gt;
&lt;/ul&gt;

&lt;p&gt;All of the above wrapped in a ASP.NET Web Application solution.&lt;/p&gt;

&lt;p&gt;Before we begin, you can take a look at the product right here:
&lt;a href=&#34;http://systemout.net:56677/ChatWebApp/Messenger.html?username=User1&#34;&gt;http://systemout.net:56677/ChatWebApp/Messenger.html?username=User1&lt;/a&gt;&lt;/p&gt;

&lt;h2 id=&#34;implementing-the-solution:819ac8d9cdec72dc096ec55720e219a7&#34;&gt;Implementing the Solution&lt;/h2&gt;

&lt;p&gt;An important note: It is critical that you create a &lt;strong&gt;ASP.NET Web Application&lt;/strong&gt; and &lt;strong&gt;NOT&lt;/strong&gt; a ASP.NET Web Site. Maybe you know that all future web apps should be created as such, as stated by Microsoft, but I didn&amp;rsquo;t and learned it the hard way (meaning my SignalR app didn&amp;rsquo;t work and it took some hours figuring out why not&amp;hellip;).&lt;/p&gt;

&lt;p&gt;But let&amp;rsquo;s get started; fire up Visual Studio, and select File &amp;gt; New &amp;gt; &lt;strong&gt;New Project&lt;/strong&gt;
&lt;img src=&#34;http://systemout.net/images/NewAspNewWebApplication.png&#34; alt=&#34;CPU usage&#34; /&gt;
&lt;/p&gt;

&lt;p&gt;Name it ChatWebApp.&lt;/p&gt;

&lt;p&gt;Create and empty project:
&lt;img src=&#34;http://systemout.net/images/EmptyProject.png&#34; alt=&#34;CPU usage&#34; /&gt;
&lt;/p&gt;

&lt;h4 id=&#34;signalr-nuget-packages:819ac8d9cdec72dc096ec55720e219a7&#34;&gt;SignalR NuGet packages&lt;/h4&gt;

&lt;p&gt;There are several ways to start of creating a SignalR enabled project, and you can add a new Hub or a OWIN Startup class directly from Visual Studio&amp;rsquo;s context menues, but I found that I didn&amp;rsquo;t get the lates stable SignalR version when doing so.
Therefore, we are going to add the NuGet packages needed manually:
Right click your new project &amp;gt; Manage NuGet Packages
Click Install to Microsoft ASP.NET SignalR:
&lt;img src=&#34;http://systemout.net/images/SignalRNuget.png&#34; alt=&#34;CPU usage&#34; /&gt;

It will also ask you to install various other packages needed, but the hole process is automated, so no trouble there.&lt;/p&gt;

&lt;script async src=&#34;//pagead2.googlesyndication.com/pagead/js/adsbygoogle.js&#34;&gt;&lt;/script&gt;
&lt;!-- links1 --&gt;
&lt;ins class=&#34;adsbygoogle&#34;
     style=&#34;display:inline-block;width:728px;height:15px&#34;
     data-ad-client=&#34;ca-pub-5807169669170468&#34;
     data-ad-slot=&#34;6444119354&#34;&gt;&lt;/ins&gt;
&lt;script&gt;
(adsbygoogle = window.adsbygoogle || []).push({});
&lt;/script&gt;

&lt;h4 id=&#34;owin-startup:819ac8d9cdec72dc096ec55720e219a7&#34;&gt;OWIN Startup&lt;/h4&gt;

&lt;p&gt;To do the wire up/mapping of SignalR wee use OWIN.
Simply right click your project, and select Add. Search for OWIN and add a new Startup.cs file.
Replace the content of the file with this:&lt;/p&gt;

&lt;p&gt;&lt;div class=&#34;highlight&#34; style=&#34;background: #f0f0f0&#34;&gt;&lt;pre style=&#34;line-height: 125%&#34;&gt;	&lt;span style=&#34;color: #007020; font-weight: bold&#34;&gt;using&lt;/span&gt; &lt;span style=&#34;color: #0e84b5; font-weight: bold&#34;&gt;System&lt;/span&gt;;
	&lt;span style=&#34;color: #007020; font-weight: bold&#34;&gt;using&lt;/span&gt; &lt;span style=&#34;color: #0e84b5; font-weight: bold&#34;&gt;System.Threading.Tasks&lt;/span&gt;;
	&lt;span style=&#34;color: #007020; font-weight: bold&#34;&gt;using&lt;/span&gt; &lt;span style=&#34;color: #0e84b5; font-weight: bold&#34;&gt;Microsoft.AspNet.SignalR&lt;/span&gt;;
	&lt;span style=&#34;color: #007020; font-weight: bold&#34;&gt;using&lt;/span&gt; &lt;span style=&#34;color: #0e84b5; font-weight: bold&#34;&gt;Microsoft.Owin&lt;/span&gt;;
	&lt;span style=&#34;color: #007020; font-weight: bold&#34;&gt;using&lt;/span&gt; &lt;span style=&#34;color: #0e84b5; font-weight: bold&#34;&gt;Owin&lt;/span&gt;;

&lt;span style=&#34;color: #4070a0&#34;&gt;	[assembly: OwinStartup(typeof(ChatWebApp.Startup))]&lt;/span&gt;

	&lt;span style=&#34;color: #007020; font-weight: bold&#34;&gt;namespace&lt;/span&gt; &lt;span style=&#34;color: #0e84b5; font-weight: bold&#34;&gt;ChatWebApp&lt;/span&gt;
	{
    	&lt;span style=&#34;color: #007020; font-weight: bold&#34;&gt;public&lt;/span&gt; &lt;span style=&#34;color: #007020; font-weight: bold&#34;&gt;class&lt;/span&gt; &lt;span style=&#34;color: #0e84b5; font-weight: bold&#34;&gt;Startup&lt;/span&gt;
    	{
        	&lt;span style=&#34;color: #007020; font-weight: bold&#34;&gt;public&lt;/span&gt; &lt;span style=&#34;color: #007020; font-weight: bold&#34;&gt;void&lt;/span&gt; &lt;span style=&#34;color: #06287e&#34;&gt;Configuration&lt;/span&gt;(IAppBuilder app)
        	{
            	&lt;span style=&#34;color: #60a0b0; font-style: italic&#34;&gt;// For more information on how to configure your application, visit http://go.microsoft.com/fwlink/?LinkID=316888&lt;/span&gt;
            	app.MapSignalR(&lt;span style=&#34;color: #4070a0&#34;&gt;&amp;quot;/~/signalr&amp;quot;&lt;/span&gt;, &lt;span style=&#34;color: #007020; font-weight: bold&#34;&gt;new&lt;/span&gt; HubConfiguration());
        	}
    	}
	}
&lt;/pre&gt;&lt;/div&gt;
&lt;/p&gt;

&lt;p&gt;The important things here are of course the assembly annotation where we declare that the type ChatWebApp.Startup (this class) should be used by OWIN.
The next thing to note is the MapSignalR method call. By default, VS just uses the MapSignalR method without any parameters, and this works well - when developing on running locallyt, but I have got it to work in a production IIS. Therefore the manually mapping path used for SignalR.&lt;/p&gt;

&lt;h4 id=&#34;the-hub:819ac8d9cdec72dc096ec55720e219a7&#34;&gt;The Hub&lt;/h4&gt;

&lt;p&gt;Now we can add a Hub Class from the conect menu in Visual Studio, because we already added the references manually:
Right click your project &amp;gt; Add &amp;gt; Signal Hub Class (v2). If it isn&amp;rsquo;t there just select Add New Item and search for it.
Name it MessageHub.cs&lt;/p&gt;

&lt;p&gt;Replace the content of the file with this:&lt;/p&gt;

&lt;p&gt;&lt;div class=&#34;highlight&#34; style=&#34;background: #f0f0f0&#34;&gt;&lt;pre style=&#34;line-height: 125%&#34;&gt;    &lt;span style=&#34;color: #007020; font-weight: bold&#34;&gt;using&lt;/span&gt; &lt;span style=&#34;color: #0e84b5; font-weight: bold&#34;&gt;System&lt;/span&gt;;
    &lt;span style=&#34;color: #007020; font-weight: bold&#34;&gt;using&lt;/span&gt; &lt;span style=&#34;color: #0e84b5; font-weight: bold&#34;&gt;System.Collections.Generic&lt;/span&gt;;
    &lt;span style=&#34;color: #007020; font-weight: bold&#34;&gt;using&lt;/span&gt; &lt;span style=&#34;color: #0e84b5; font-weight: bold&#34;&gt;System.Linq&lt;/span&gt;;
    &lt;span style=&#34;color: #007020; font-weight: bold&#34;&gt;using&lt;/span&gt; &lt;span style=&#34;color: #0e84b5; font-weight: bold&#34;&gt;System.Web&lt;/span&gt;;
    &lt;span style=&#34;color: #007020; font-weight: bold&#34;&gt;using&lt;/span&gt; &lt;span style=&#34;color: #0e84b5; font-weight: bold&#34;&gt;Microsoft.AspNet.SignalR&lt;/span&gt;;

    &lt;span style=&#34;color: #007020; font-weight: bold&#34;&gt;namespace&lt;/span&gt; &lt;span style=&#34;color: #0e84b5; font-weight: bold&#34;&gt;ChatWebApp&lt;/span&gt;
    {
        &lt;span style=&#34;color: #007020; font-weight: bold&#34;&gt;public&lt;/span&gt; &lt;span style=&#34;color: #007020; font-weight: bold&#34;&gt;class&lt;/span&gt; &lt;span style=&#34;color: #0e84b5; font-weight: bold&#34;&gt;MessageHub&lt;/span&gt; : Hub
        {
            &lt;span style=&#34;color: #007020; font-weight: bold&#34;&gt;public&lt;/span&gt; &lt;span style=&#34;color: #007020; font-weight: bold&#34;&gt;void&lt;/span&gt; &lt;span style=&#34;color: #06287e&#34;&gt;Login&lt;/span&gt;(&lt;span style=&#34;color: #902000&#34;&gt;string&lt;/span&gt; username)
            {
                &lt;span style=&#34;color: #60a0b0; font-style: italic&#34;&gt;// Notify all clients that a user is logged in&lt;/span&gt;
                Clients.All.userLoggedIn(username);
            }

            &lt;span style=&#34;color: #007020; font-weight: bold&#34;&gt;public&lt;/span&gt; &lt;span style=&#34;color: #007020; font-weight: bold&#34;&gt;void&lt;/span&gt; &lt;span style=&#34;color: #06287e&#34;&gt;SendMessage&lt;/span&gt;(&lt;span style=&#34;color: #902000&#34;&gt;string&lt;/span&gt; sender, &lt;span style=&#34;color: #902000&#34;&gt;string&lt;/span&gt; message)
            {
                &lt;span style=&#34;color: #60a0b0; font-style: italic&#34;&gt;// Display the new message by calling displayMessage on all connected clients&lt;/span&gt;
                Clients.All.displayMessage(sender, message);
            }
        }
    }
&lt;/pre&gt;&lt;/div&gt;
&lt;/p&gt;

&lt;p&gt;Here we are adding a method used to &amp;ldquo;log in&amp;rdquo; to our Chat App and a method to send messages.
It should be pretty self explanotory but what we are doing is telling all clients that either a usre has logged in or to display a message.
The userLoggedIn(username) and displayMessage(sender, message) methods are implemented in JavaScript in just a moment.&lt;/p&gt;

&lt;p&gt;For further information about the workings of the Hub, please go to:
&lt;a href=&#34;http://www.asp.net/signalr/overview/signalr-20/hubs-api/hubs-api-guide-server&#34;&gt;http://www.asp.net/signalr/overview/signalr-20/hubs-api/hubs-api-guide-server&lt;/a&gt;&lt;/p&gt;

&lt;script async src=&#34;//pagead2.googlesyndication.com/pagead/js/adsbygoogle.js&#34;&gt;&lt;/script&gt;
&lt;!-- ResponsiveHeader --&gt;
&lt;ins class=&#34;adsbygoogle&#34;
     style=&#34;display:block&#34;
     data-ad-client=&#34;ca-pub-5807169669170468&#34;
     data-ad-slot=&#34;5652122954&#34;
     data-ad-format=&#34;auto&#34;&gt;&lt;/ins&gt;
&lt;script&gt;
(adsbygoogle = window.adsbygoogle || []).push({});
&lt;/script&gt;

&lt;h4 id=&#34;the-messenger-javascript:819ac8d9cdec72dc096ec55720e219a7&#34;&gt;The Messenger JavaScript&lt;/h4&gt;

&lt;p&gt;Now we have all the C# code we need and can go on to the client side JavaScript.
Add a new JavaScript file, Add &amp;gt; Add New Item &amp;gt; JavaScript and name it MessengerScript.js&lt;/p&gt;

&lt;p&gt;Replace the content of the file with this:&lt;/p&gt;

&lt;p&gt;&lt;div class=&#34;highlight&#34; style=&#34;background: #f0f0f0&#34;&gt;&lt;pre style=&#34;line-height: 125%&#34;&gt;	$(&lt;span style=&#34;color: #007020; font-weight: bold&#34;&gt;function&lt;/span&gt; () {
	    &lt;span style=&#34;color: #007020; font-weight: bold&#34;&gt;var&lt;/span&gt; username &lt;span style=&#34;color: #666666&#34;&gt;=&lt;/span&gt; getUrlVars()[&lt;span style=&#34;color: #4070a0&#34;&gt;&amp;quot;username&amp;quot;&lt;/span&gt;];
	
	    &lt;span style=&#34;color: #60a0b0; font-style: italic&#34;&gt;// Enable logging for development purpose&lt;/span&gt;
	    $.connection.hub.logging &lt;span style=&#34;color: #666666&#34;&gt;=&lt;/span&gt; &lt;span style=&#34;color: #007020; font-weight: bold&#34;&gt;true&lt;/span&gt;;
	    &lt;span style=&#34;color: #60a0b0; font-style: italic&#34;&gt;// Declare a proxy to reference the hub.&lt;/span&gt;
	    &lt;span style=&#34;color: #007020; font-weight: bold&#34;&gt;var&lt;/span&gt; messageHub &lt;span style=&#34;color: #666666&#34;&gt;=&lt;/span&gt; $.connection.messageHub;
	    &lt;span style=&#34;color: #60a0b0; font-style: italic&#34;&gt;// Create a function that the hub can call to broadcast messages.&lt;/span&gt;
	    messageHub.client.displayMessage &lt;span style=&#34;color: #666666&#34;&gt;=&lt;/span&gt; &lt;span style=&#34;color: #007020; font-weight: bold&#34;&gt;function&lt;/span&gt; (sender, message) {
	        &lt;span style=&#34;color: #60a0b0; font-style: italic&#34;&gt;// Wrap the sender and the message in HTML&lt;/span&gt;
	        &lt;span style=&#34;color: #007020; font-weight: bold&#34;&gt;var&lt;/span&gt; senderDiv &lt;span style=&#34;color: #666666&#34;&gt;=&lt;/span&gt; $(&lt;span style=&#34;color: #4070a0&#34;&gt;&amp;#39;&amp;lt;div /&amp;gt;&amp;#39;&lt;/span&gt;).text(sender).html();
	        &lt;span style=&#34;color: #007020; font-weight: bold&#34;&gt;var&lt;/span&gt; messageDiv &lt;span style=&#34;color: #666666&#34;&gt;=&lt;/span&gt; $(&lt;span style=&#34;color: #4070a0&#34;&gt;&amp;#39;&amp;lt;div /&amp;gt;&amp;#39;&lt;/span&gt;).text(message).html();
	        &lt;span style=&#34;color: #60a0b0; font-style: italic&#34;&gt;// Add the message to the page.&lt;/span&gt;
	        $(&lt;span style=&#34;color: #4070a0&#34;&gt;&amp;#39;#messagelist&amp;#39;&lt;/span&gt;).append(&lt;span style=&#34;color: #4070a0&#34;&gt;&amp;#39;&amp;lt;li&amp;gt;&amp;lt;strong&amp;gt;&amp;#39;&lt;/span&gt; &lt;span style=&#34;color: #666666&#34;&gt;+&lt;/span&gt; senderDiv
	            &lt;span style=&#34;color: #666666&#34;&gt;+&lt;/span&gt; &lt;span style=&#34;color: #4070a0&#34;&gt;&amp;#39;&amp;lt;/strong&amp;gt;:  &amp;#39;&lt;/span&gt; &lt;span style=&#34;color: #666666&#34;&gt;+&lt;/span&gt; messageDiv &lt;span style=&#34;color: #666666&#34;&gt;+&lt;/span&gt; &lt;span style=&#34;color: #4070a0&#34;&gt;&amp;#39;&amp;lt;/li&amp;gt;&amp;#39;&lt;/span&gt;);
	    };
	    
	    $.connection.hub.start(&lt;span style=&#34;color: #4070a0&#34;&gt;&amp;quot;~/signalr&amp;quot;&lt;/span&gt;).done(&lt;span style=&#34;color: #007020; font-weight: bold&#34;&gt;function&lt;/span&gt; () {
	       
	        messageHub.server.login(username);
	
	        $(&lt;span style=&#34;color: #4070a0&#34;&gt;&amp;#39;#sendmessage&amp;#39;&lt;/span&gt;).click(&lt;span style=&#34;color: #007020; font-weight: bold&#34;&gt;function&lt;/span&gt; () {
	            &lt;span style=&#34;color: #007020; font-weight: bold&#34;&gt;var&lt;/span&gt; msg &lt;span style=&#34;color: #666666&#34;&gt;=&lt;/span&gt; $(&lt;span style=&#34;color: #4070a0&#34;&gt;&amp;quot;#message&amp;quot;&lt;/span&gt;).val();
	            messageHub.server.sendMessage(username, msg);
	            &lt;span style=&#34;color: #60a0b0; font-style: italic&#34;&gt;// Clear text box and reset focus for next comment.&lt;/span&gt;
	            $(&lt;span style=&#34;color: #4070a0&#34;&gt;&amp;#39;#message&amp;#39;&lt;/span&gt;).val(&lt;span style=&#34;color: #4070a0&#34;&gt;&amp;#39;&amp;#39;&lt;/span&gt;).focus();
	        });
	    });
	});
	
	&lt;span style=&#34;color: #007020; font-weight: bold&#34;&gt;function&lt;/span&gt; getUrlVars() {
	    &lt;span style=&#34;color: #007020; font-weight: bold&#34;&gt;var&lt;/span&gt; vars &lt;span style=&#34;color: #666666&#34;&gt;=&lt;/span&gt; [], hash;
	    &lt;span style=&#34;color: #007020; font-weight: bold&#34;&gt;var&lt;/span&gt; hashes &lt;span style=&#34;color: #666666&#34;&gt;=&lt;/span&gt; &lt;span style=&#34;color: #007020&#34;&gt;window&lt;/span&gt;.location.href.slice(&lt;span style=&#34;color: #007020&#34;&gt;window&lt;/span&gt;.location.href.indexOf(&lt;span style=&#34;color: #4070a0&#34;&gt;&amp;#39;?&amp;#39;&lt;/span&gt;) &lt;span style=&#34;color: #666666&#34;&gt;+&lt;/span&gt; &lt;span style=&#34;color: #40a070&#34;&gt;1&lt;/span&gt;).split(&lt;span style=&#34;color: #4070a0&#34;&gt;&amp;#39;&amp;amp;&amp;#39;&lt;/span&gt;);
	    &lt;span style=&#34;color: #007020; font-weight: bold&#34;&gt;for&lt;/span&gt; (&lt;span style=&#34;color: #007020; font-weight: bold&#34;&gt;var&lt;/span&gt; i &lt;span style=&#34;color: #666666&#34;&gt;=&lt;/span&gt; &lt;span style=&#34;color: #40a070&#34;&gt;0&lt;/span&gt;; i &lt;span style=&#34;color: #666666&#34;&gt;&amp;lt;&lt;/span&gt; hashes.length; i&lt;span style=&#34;color: #666666&#34;&gt;++&lt;/span&gt;) {
	        hash &lt;span style=&#34;color: #666666&#34;&gt;=&lt;/span&gt; hashes[i].split(&lt;span style=&#34;color: #4070a0&#34;&gt;&amp;#39;=&amp;#39;&lt;/span&gt;);
	        vars.push(hash[&lt;span style=&#34;color: #40a070&#34;&gt;0&lt;/span&gt;]);
	        vars[hash[&lt;span style=&#34;color: #40a070&#34;&gt;0&lt;/span&gt;]] &lt;span style=&#34;color: #666666&#34;&gt;=&lt;/span&gt; hash[&lt;span style=&#34;color: #40a070&#34;&gt;1&lt;/span&gt;];
	    }
	    &lt;span style=&#34;color: #007020; font-weight: bold&#34;&gt;return&lt;/span&gt; vars;
	}
	
&lt;/pre&gt;&lt;/div&gt;
&lt;/p&gt;

&lt;p&gt;Now a brief note; this is actually the first JavaScript code I have written, so there might be better ways to implement the above, but it works, and the purpose of this tutorial is to show how to use SignalR - not how JavaScript should be written, so bear with me, please :)&lt;/p&gt;

&lt;p&gt;The first part gets the username from a query parameter by calling the last function in the script the getUrlVars (copy pasted somewhere from StackOverflow, can&amp;rsquo;t remember where I found it thou).
Then we enable logging in the SignalR connection, get a reference to the MessageHub class that we just implemented, and now some of the &amp;ldquo;magic&amp;rdquo;: &lt;strong&gt;implementing the displayMessage method&lt;/strong&gt; as we are going to invoke from our MessageHub. The displayMessage is basically wrapping the sender and message in some HTML and added a li to a ul declared in a HTML file we will create in the next step.&lt;/p&gt;

&lt;p&gt;We need to declare the displayMessage method before connecting to the hub so now that this is done we start a connection to the hub and gives it the path as we used in the Startup.cs. Then, when the connection is done we are calling login on the hub and last but not least &lt;strong&gt;implementing the sendMessage method&lt;/strong&gt; which gets the message from a input box (which we also will implement in a HTML file in a moment) and then we call the SendMessage method on the hub.&lt;/p&gt;

&lt;h4 id=&#34;the-html-page:819ac8d9cdec72dc096ec55720e219a7&#34;&gt;The HTML Page&lt;/h4&gt;

&lt;p&gt;Next we add the HTML page which the user sees. Add &amp;gt; New Item &amp;gt; HTML Page. Name it Messenger.html
Replace the content of the file with this:&lt;/p&gt;

&lt;p&gt;&lt;div class=&#34;highlight&#34; style=&#34;background: #f0f0f0&#34;&gt;&lt;pre style=&#34;line-height: 125%&#34;&gt;    &lt;span style=&#34;color: #007020&#34;&gt;&amp;lt;!DOCTYPE html&amp;gt;&lt;/span&gt;
	&lt;span style=&#34;color: #062873; font-weight: bold&#34;&gt;&amp;lt;html&lt;/span&gt; &lt;span style=&#34;color: #4070a0&#34;&gt;xmlns=&amp;quot;http://www.w3.org/1999/xhtml&amp;quot;&lt;/span&gt;&lt;span style=&#34;color: #062873; font-weight: bold&#34;&gt;&amp;gt;&lt;/span&gt;
	&lt;span style=&#34;color: #062873; font-weight: bold&#34;&gt;&amp;lt;head&amp;gt;&lt;/span&gt;
	    &lt;span style=&#34;color: #062873; font-weight: bold&#34;&gt;&amp;lt;title&amp;gt;&lt;/span&gt;ChatWebApp&lt;span style=&#34;color: #062873; font-weight: bold&#34;&gt;&amp;lt;/title&amp;gt;&lt;/span&gt;
	&lt;span style=&#34;color: #062873; font-weight: bold&#34;&gt;&amp;lt;/head&amp;gt;&lt;/span&gt;
	    &lt;span style=&#34;color: #062873; font-weight: bold&#34;&gt;&amp;lt;body&amp;gt;&lt;/span&gt;
	        &lt;span style=&#34;color: #062873; font-weight: bold&#34;&gt;&amp;lt;script&lt;/span&gt; &lt;span style=&#34;color: #4070a0&#34;&gt;src=&amp;quot;Scripts/jquery-1.6.4.js&amp;quot;&lt;/span&gt;&lt;span style=&#34;color: #062873; font-weight: bold&#34;&gt;&amp;gt;&amp;lt;/script&amp;gt;&lt;/span&gt;
	        &lt;span style=&#34;color: #062873; font-weight: bold&#34;&gt;&amp;lt;script&lt;/span&gt; &lt;span style=&#34;color: #4070a0&#34;&gt;src=&amp;quot;Scripts/jquery.signalR-2.1.0.js&amp;quot;&lt;/span&gt;&lt;span style=&#34;color: #062873; font-weight: bold&#34;&gt;&amp;gt;&amp;lt;/script&amp;gt;&lt;/span&gt;
	        &lt;span style=&#34;color: #062873; font-weight: bold&#34;&gt;&amp;lt;script&lt;/span&gt; &lt;span style=&#34;color: #4070a0&#34;&gt;src=&amp;quot;~/signalr/hub&amp;quot;&lt;/span&gt;&lt;span style=&#34;color: #062873; font-weight: bold&#34;&gt;&amp;gt;&amp;lt;/script&amp;gt;&lt;/span&gt;
	        &lt;span style=&#34;color: #062873; font-weight: bold&#34;&gt;&amp;lt;script&lt;/span&gt; &lt;span style=&#34;color: #4070a0&#34;&gt;src=&amp;quot;Scripts/MessengerScript.js&amp;quot;&lt;/span&gt;&lt;span style=&#34;color: #062873; font-weight: bold&#34;&gt;&amp;gt;&amp;lt;/script&amp;gt;&lt;/span&gt;
	        &lt;span style=&#34;color: #062873; font-weight: bold&#34;&gt;&amp;lt;input&lt;/span&gt; &lt;span style=&#34;color: #4070a0&#34;&gt;id=&amp;quot;message&amp;quot;&lt;/span&gt; &lt;span style=&#34;color: #4070a0&#34;&gt;type=&amp;quot;text&amp;quot;&lt;/span&gt;&lt;span style=&#34;color: #062873; font-weight: bold&#34;&gt;/&amp;gt;&lt;/span&gt;
	        &lt;span style=&#34;color: #062873; font-weight: bold&#34;&gt;&amp;lt;input&lt;/span&gt; &lt;span style=&#34;color: #4070a0&#34;&gt;id=&amp;quot;sendmessage&amp;quot;&lt;/span&gt; &lt;span style=&#34;color: #4070a0&#34;&gt;type=&amp;quot;button&amp;quot;&lt;/span&gt; &lt;span style=&#34;color: #4070a0&#34;&gt;value=&amp;quot;Send&amp;quot;&lt;/span&gt;&lt;span style=&#34;color: #062873; font-weight: bold&#34;&gt;/&amp;gt;&lt;/span&gt;
	        &lt;span style=&#34;color: #062873; font-weight: bold&#34;&gt;&amp;lt;ul&lt;/span&gt; &lt;span style=&#34;color: #4070a0&#34;&gt;id=&amp;quot;messagelist&amp;quot;&lt;/span&gt;&lt;span style=&#34;color: #062873; font-weight: bold&#34;&gt;&amp;gt;&lt;/span&gt;
	            
	        &lt;span style=&#34;color: #062873; font-weight: bold&#34;&gt;&amp;lt;/ul&amp;gt;&lt;/span&gt;
	    &lt;span style=&#34;color: #062873; font-weight: bold&#34;&gt;&amp;lt;/body&amp;gt;&lt;/span&gt;
	&lt;span style=&#34;color: #062873; font-weight: bold&#34;&gt;&amp;lt;/html&amp;gt;&lt;/span&gt;
&lt;/pre&gt;&lt;/div&gt;
&lt;/p&gt;

&lt;p&gt;Now the most important path here, are:&lt;/p&gt;

&lt;p&gt;&lt;div class=&#34;highlight&#34; style=&#34;background: #f0f0f0&#34;&gt;&lt;pre style=&#34;line-height: 125%&#34;&gt;	&lt;span style=&#34;color: #062873; font-weight: bold&#34;&gt;&amp;lt;script&lt;/span&gt; &lt;span style=&#34;color: #4070a0&#34;&gt;src=&amp;quot;~/signalr/hub&amp;quot;&lt;/span&gt;&lt;span style=&#34;color: #062873; font-weight: bold&#34;&gt;&amp;gt;&amp;lt;/script&amp;gt;&lt;/span&gt;
&lt;/pre&gt;&lt;/div&gt;
&lt;/p&gt;

&lt;p&gt;Visual Studio will complain about this, because we have no script in the path, but this is because the script is generated by SignalR on runtime and we are just telling where it can be found.
Besides we have the elements used to interact with our system.&lt;/p&gt;

&lt;p&gt;With this in place, you can run your new application and test it in your browser, before continuing to the next part, where we will deploy to IIS.&lt;/p&gt;

&lt;h4 id=&#34;a-note-on-debugging-in-vs:819ac8d9cdec72dc096ec55720e219a7&#34;&gt;A note on debugging in VS&lt;/h4&gt;

&lt;p&gt;I have experienced a lot of difficulties while debugging/running my SignalR apps in Visual Studio 2013. Sometimes, when I reopen a solution that previously &amp;ldquo;just worked&amp;rdquo;, it all of the sudden don&amp;rsquo;t anymore, meaning that the ~/signalr/js gives a 404 on localhost or the client can not be found.
A fix for this seems to be restarting VS, restarting the IIS Express by right clicking on the tray icon:
&lt;img src=&#34;http://systemout.net/images/IISExpress.png&#34; alt=&#34;&#34; /&gt;

&amp;hellip;or simply just hitting my screen, going for some coffee and when returning, it magically just works.&lt;/p&gt;

&lt;h3 id=&#34;deploying-the-signalr-app-to-iis:819ac8d9cdec72dc096ec55720e219a7&#34;&gt;Deploying the SignalR App to IIS&lt;/h3&gt;

&lt;p&gt;We use Visual Studio to publish the site. Right-click your project, select Publish
In the dialog click the Custom option as publish target and give it a name.
Select File System in the next drop down and enter a location for the published files.
In settings you can choose to precompile your source files, if you want to, just expand the File Publish Options and check the according box.&lt;/p&gt;

&lt;p&gt;Click Publish.&lt;/p&gt;

&lt;p&gt;Now we that we have our files ready, we need to make the IIS ready for hosting our App.&lt;/p&gt;

&lt;p&gt;On your server, create the folder C:\wwwroot\ChatWebApp (or anywhere else you like).
Copy the contents from the Publish folder (on your dev pc) where Visual Studio published the files to into C:\wwwroot\ChatWebApp on IIS.
On your server open IIS Manager, expand Default Website. If your new folder is in the tree view right click and select Refresh.
Select the ChatWebApp folder, right click and select Convert to Application.&lt;/p&gt;

&lt;p&gt;Now on your server go to &lt;a href=&#34;http://localhost/ChatWebApp/Messenger.html?username=MySuperDupperUser&#34;&gt;http://localhost/ChatWebApp/Messenger.html?username=MySuperDupperUser&lt;/a&gt; and watch the magic!&lt;/p&gt;

&lt;p&gt;You can download the complete solution right here: &lt;a href=&#34;http://1drv.ms/1wB5IWF&#34;&gt;http://1drv.ms/1wB5IWF&lt;/a&gt;&lt;/p&gt;

&lt;p&gt;If you have in problems, or comments, let me know.&lt;/p&gt;

&lt;p&gt;&lt;em&gt;UPDATE&lt;/em&gt;: I have posted &lt;a href=&#34;http://systemout.net/2015/06/10/developing-a-who-is-on-chat-web-app-using-signalr-and-wpf/&#34;&gt;a new tutorial&lt;/a&gt; showing how it is possible to let the clients see who is online. That post builds on this tutorial, so check it out after you have read this one!&lt;/p&gt;
</description>
    </item>
    
    <item>
      <title>SignalR Hub Reference - done right!</title>
      <link>http://systemout.net/2014/07/15/signalr-hub-reference-done-right/</link>
      <pubDate>Tue, 15 Jul 2014 00:00:00 +0000</pubDate>
      <author>nmj@systemout.net (Nicklas Møller Jepsen)</author>
      <guid>http://systemout.net/2014/07/15/signalr-hub-reference-done-right/</guid>
      <description>

&lt;p&gt;UPDATE: I have now written a complete SignalR tutorial, see this post: &lt;a href=&#34;http://systemout.net/2014/07/17/developing-and-deploying-a-signalr-chat-web-app-to-iis/&#34;&gt;http://systemout.net/2014/07/17/developing-and-deploying-a-signalr-chat-web-app-to-iis/&lt;/a&gt;&lt;/p&gt;

&lt;p&gt;SignalR is nice. No doubt about that. But it is very much immature, not the framework, more the tutorials, guidelines, etc.&lt;/p&gt;

&lt;p&gt;I have been strugling a bit with the Javascript/client setup of the hub connection - especially when deploying to an IIS 8 in production, where all the magic stopped to happen. There is not much to gain from WebSockets, if the connection can&amp;rsquo;t be opened because the scripts won&amp;rsquo;t load.&lt;/p&gt;

&lt;p&gt;Any way, in an ASP.NET Web Application using SignalR with a generated hub proxy you need the following things to be able to make the connection:
OWIN Startup.cs (Add &amp;gt; New Item &amp;gt; Owin Startup):&lt;/p&gt;

&lt;pre&gt;&lt;code&gt;using Microsoft.AspNet.SignalR;
using Microsoft.Owin;
using Owin;

[assembly: OwinStartup(typeof(SystemOut.Gateway.WebApp.Startup))]

namespace SystemOut.Gateway.WebApp
{
    public class Startup
    {
        public void Configuration(IAppBuilder app)
        {
            // For more information on how to configure your application, visit http://go.microsoft.com/fwlink/?LinkID=316888
            app.MapSignalR(&amp;quot;/~/signalr&amp;quot;, new HubConfiguration());
        }
    }
}
&lt;/code&gt;&lt;/pre&gt;

&lt;p&gt;&lt;strong&gt;NOTICE&lt;/strong&gt; the &amp;ldquo;/~/signalr - this is needed, if you, as I, are running the site in your production environment as a sub directory for the main site.&lt;/p&gt;

&lt;p&gt;Because of this, you need to reference the generated SignalR proxy a little different than most samples I came across do:&lt;/p&gt;

&lt;pre&gt;&lt;code&gt;&amp;lt;script src=&amp;quot;~/signalr/js&amp;quot;&amp;gt;&amp;lt;/script&amp;gt;
&lt;/code&gt;&lt;/pre&gt;

&lt;p&gt;You also need to create the hub connection a little bit different, in your scripts:&lt;/p&gt;

&lt;pre&gt;&lt;code&gt;$.connection.hub.start(&amp;quot;~/signalr&amp;quot;)
&lt;/code&gt;&lt;/pre&gt;

&lt;p&gt;That should do it!&lt;/p&gt;

&lt;p&gt;Remember, you can always enable logging to the browsers console (F12) by adding this line:&lt;/p&gt;

&lt;pre&gt;&lt;code&gt;$.connection.hub.logging = true;
&lt;/code&gt;&lt;/pre&gt;

&lt;p&gt;just before:&lt;/p&gt;

&lt;pre&gt;&lt;code&gt;$.connection.hub.start(&amp;quot;~/signalr&amp;quot;)
&lt;/code&gt;&lt;/pre&gt;

&lt;h4 id=&#34;the-trouble:8ee58b73c21ae6829694450168d54780&#34;&gt;The trouble&lt;/h4&gt;

&lt;p&gt;Before settings things up this way, I received a &amp;ldquo;Unable to get property &amp;lsquo;client&amp;rsquo; of undefined or null reference&amp;rdquo; in the IE console when loading the page. In that case, the &amp;ldquo;client&amp;rdquo; referenced was the SignalR client in the Hub.
I investigated it further by looking in Fiddler and in Chrome. In the console in Chrome I got &amp;ldquo;&lt;a href=&#34;http://myip/signalr/js&#34;&gt;http://myip/signalr/js&lt;/a&gt; 404 (Not Found)&amp;rdquo; which lead me to come up with the above solution, becuase I only had the problem when deploying the application to IIS - not when I ran it locally from Visual Studio 2013.&lt;/p&gt;

&lt;p&gt;As an end note; it makes no difference for me whether I use:&lt;/p&gt;

&lt;pre&gt;&lt;code&gt;~/signalr/js 
&lt;/code&gt;&lt;/pre&gt;

&lt;p&gt;or&lt;/p&gt;

&lt;pre&gt;&lt;code&gt;~/signalr/hubs
&lt;/code&gt;&lt;/pre&gt;

&lt;p&gt;That&amp;rsquo;s it for now. I&amp;rsquo;m working on a full tutorial to developing AND deploying an ASP.NET Web Application with SignalR, so check back soon! :)&lt;/p&gt;

&lt;p&gt;UPDATE: I have now written a complete SignalR tutorial, see this post: &lt;a href=&#34;http://systemout.net/2014/07/17/developing-and-deploying-a-signalr-chat-web-app-to-iis/&#34;&gt;http://systemout.net/2014/07/17/developing-and-deploying-a-signalr-chat-web-app-to-iis/&lt;/a&gt;&lt;/p&gt;
</description>
    </item>
    
    <item>
      <title>Publish WCF Service on IIS</title>
      <link>http://systemout.net/2012/03/20/publish-wcf-service-on-iis/</link>
      <pubDate>Tue, 20 Mar 2012 00:00:00 +0000</pubDate>
      <author>nmj@systemout.net (Nicklas Møller Jepsen)</author>
      <guid>http://systemout.net/2012/03/20/publish-wcf-service-on-iis/</guid>
      <description>

&lt;p&gt;Recently I needed to publish a WCF service on an IIS. This progress I quite smooth when you just need to access the WCF service locally, but ones you need to publish the service on the great Internet, things are a little more difficult.&lt;/p&gt;

&lt;h1 id=&#34;publishing-the-wsdl:2dfe303ef8c9fb481ee449fd73df7f75&#34;&gt;Publishing the WSDL&lt;/h1&gt;

&lt;p&gt;The ‘WSDL generation strategy’ when using WCF is that you get multiple documents to describe your service. This can lead to some problems if you’re just publishing without making some customizations.&lt;/p&gt;

&lt;p&gt;Have a look at the wsdl:types:&lt;/p&gt;

&lt;pre class=&#34;brush: xml; title: ; notranslate&#34; title=&#34;&#34;&gt;&amp;lt;wsdl:types&amp;gt;
    &amp;lt;xsd:schema targetNamespace=&#34;http://tempuri.org/Imports&#34;&amp;gt;
        &amp;lt;xsd:import schemaLocation=&#34;http://localhost/Service/Service.svc?xsd=xsd0&#34;namespace=&#34;http://tempuri.org/&#34;/&amp;gt;
        &amp;lt;xsd:import schemaLocation=&#34;http://localhost/Service/Service.svc?xsd=xsd2&#34;namespace=&#34;http://schemas.datacontract.org/2004/07/Service.Interface&#34;/&amp;gt;
    &amp;lt;/xsd:schema&amp;gt;
&amp;lt;/wsdl:types&amp;gt;
&lt;/pre&gt;

&lt;p&gt;Notice the localhost, that will definitely cause some trouble if you need to consume the WSDL from an external machine.&lt;/p&gt;

&lt;h1 id=&#34;how-to-fix-this:2dfe303ef8c9fb481ee449fd73df7f75&#34;&gt;How to fix this?&lt;/h1&gt;

&lt;p&gt;There’re two ways to solve this (if not more):&lt;/p&gt;

&lt;ul&gt;
&lt;li&gt;Fix the host name (this post)&lt;/li&gt;
&lt;li&gt;Generate a single WSDL (future post)&lt;/li&gt;
&lt;/ul&gt;

&lt;h2 id=&#34;fix-the-host-name:2dfe303ef8c9fb481ee449fd73df7f75&#34;&gt;Fix the host name&lt;/h2&gt;

&lt;p&gt;It’s actually the IIS who are responsible of the host name. Therefore we need to configure the bindings for the web site the WCF service is hosted on.&lt;/p&gt;

&lt;p&gt;Go to IIS Manager, right click the web site and choose Edit bindings:&lt;/p&gt;

&lt;p&gt;&lt;a href=&#34;http://systemout.net/wp-content/uploads/2012/03/iis_tree.png&#34;&gt;&lt;img style=&#34;background-image: none; padding-left: 0px; padding-right: 0px; display: inline; padding-top: 0px; border: 0px;&#34; title=&#34;iis_tree&#34; src=&#34;http://systemout.net/wp-content/uploads/2012/03/iis_tree_thumb.png&#34; alt=&#34;iis_tree&#34; width=&#34;211&#34; height=&#34;74&#34; border=&#34;0&#34; /&gt;&lt;/a&gt;&lt;/p&gt;

&lt;p&gt;Now click the Add button and enter the external host name or ip where your service/wsdl will be available from:&lt;/p&gt;

&lt;p&gt;&lt;a href=&#34;http://systemout.net/wp-content/uploads/2012/03/addbinding.png&#34;&gt;&lt;img style=&#34;background-image: none; padding-left: 0px; padding-right: 0px; display: inline; padding-top: 0px; border: 0px;&#34; title=&#34;addbinding&#34; src=&#34;http://systemout.net/wp-content/uploads/2012/03/addbinding_thumb.png&#34; alt=&#34;addbinding&#34; width=&#34;244&#34; height=&#34;133&#34; border=&#34;0&#34; /&gt;&lt;/a&gt;&lt;/p&gt;

&lt;p&gt;Restart the web site and go to &lt;a href=&#34;http://mydomain.com/serviceAlias/Service.svc?wsdl&#34;&gt;http://mydomain.com/serviceAlias/Service.svc?wsdl&lt;/a&gt; and your should see that the imports are now using the external host name.&lt;/p&gt;

&lt;h2 id=&#34;generate-a-single-wsdl:2dfe303ef8c9fb481ee449fd73df7f75&#34;&gt;Generate a single WSDL&lt;/h2&gt;

&lt;p&gt;You can also choose to generate a single WSDL file for your WCF service. I will post about that later, meanwhile take a look at &lt;a href=&#34;http://weblogs.asp.net/pglavich/archive/2010/03/16/making-wcf-output-a-single-wsdl-file-for-interop-purposes.aspx&#34; target=&#34;_blank&#34;&gt;this great article&lt;/a&gt; that describes it – although I find it a bit to complex and therefore are going to write my own post about it when the time comes &lt;img class=&#34;wlEmoticon wlEmoticon-smile&#34; style=&#34;border-style: none;&#34; src=&#34;http://systemout.net/wp-content/uploads/2012/03/wlEmoticon-smile.png&#34; alt=&#34;Smile&#34; /&gt;&lt;/p&gt;

&lt;div style=&#34;font-size:0px;height:0px;line-height:0px;margin:0;padding:0;clear:both&#34;&gt;
&lt;/div&gt;
</description>
    </item>
    
  </channel>
</rss>