<?xml version="1.0" encoding="utf-8" standalone="yes" ?>
<rss version="2.0" xmlns:atom="http://www.w3.org/2005/Atom">
  <channel>
    <title>Security on SystemOut</title>
    <link>http://systemout.net/tags/security/</link>
    <description>Recent content in Security on SystemOut</description>
    <generator>Hugo -- gohugo.io</generator>
    <language>en-us</language>
    <managingEditor>nmj@systemout.net (Nicklas Møller Jepsen)</managingEditor>
    <webMaster>nmj@systemout.net (Nicklas Møller Jepsen)</webMaster>
    <lastBuildDate>Thu, 09 Feb 2012 00:00:00 +0000</lastBuildDate>
    <atom:link href="http://systemout.net/tags/security/index.xml" rel="self" type="application/rss+xml" />
    
    <item>
      <title>&#39;Windows Azure Access Control Service (ACS) &amp;#8211; part 1 &amp;#8216;Get token in WP7 client&amp;#8217;&#39;</title>
      <link>http://systemout.net/2012/02/09/windows-azure-access-control-service-acs-part-1-get-token-in-wp7-client/</link>
      <pubDate>Thu, 09 Feb 2012 00:00:00 +0000</pubDate>
      <author>nmj@systemout.net (Nicklas Møller Jepsen)</author>
      <guid>http://systemout.net/2012/02/09/windows-azure-access-control-service-acs-part-1-get-token-in-wp7-client/</guid>
      <description>&lt;p&gt;While working on a project for WP7 where a backend is required I needed to implement some sort of security on the server. As the server is being hosted in Windows Azure I looked into ACS. At first it did look a bid &amp;#8220;over configured&amp;#8221; meaning there is a lot of documentation on how to use it and what you can actually do with it. Facebook, Google, Windows Live login etc. For my purpose I just needed a simple way off securing my REST service and after some reading I thought I would give ACS a try.&lt;/p&gt;

&lt;p&gt;Steps involved:&lt;/p&gt;

&lt;ul&gt;
&lt;li&gt;Create a REST ACS enabled WCF service (will post about this subject later)&lt;/li&gt;
&lt;li&gt;Configure ACS (Windows Azure Portal)&lt;/li&gt;
&lt;li&gt;Request token on client (this post ;))&lt;/li&gt;
&lt;/ul&gt;

&lt;div&gt;
  This first post about ACS is about the last step in the above list. The reason for not starting from the top is that I couldn&amp;#8217;t seem to find any decent guides on how to implement a &lt;span style=&#34;text-decoration: underline;&#34;&gt;simple&lt;/span&gt; ACS client/consumer on Windows Phone. Therefore the bottom up concept :)
&lt;/div&gt;

&lt;p&gt;To actually configure ACS to Issue a SWT Token to be using I followed &lt;a href=&#34;http://msdn.microsoft.com/en-us/library/hh289317.aspx&#34; target=&#34;_blank&#34;&gt;this well explained MSDN article&lt;/a&gt; - scroll to the 2. part &amp;#8216;Step 2 – Configure ACS to Issue a SWT Token&amp;#8217;&lt;/p&gt;

&lt;p&gt;Btw. in the examples below I&amp;#8217;m using &lt;a href=&#34;http://restsharp.org/&#34; target=&#34;_blank&#34;&gt;RestSharp&lt;/a&gt; a very simple to use REST library for both WP7/SL, WinForms, etc.&lt;/p&gt;

&lt;p&gt;And now back to the topic &amp;#8211; WP7 ACS token consumer:&lt;/p&gt;

&lt;p&gt;The basic concept of authorizing against a WCF ACS secured service is that you send an &amp;#8220;Authorization&amp;#8221; header in the request:&lt;/p&gt;

&lt;pre class=&#34;brush: csharp; title: ; notranslate&#34; title=&#34;&#34;&gt;request.AddHeader(&#34;Authorization&#34;, token.TokenString);&lt;/pre&gt;

&lt;p&gt;But of course you need to now the token to put in the header.&lt;/p&gt;

&lt;p&gt;To make sure we have the token, the following is executed before the actual REST call:&lt;/p&gt;

&lt;pre class=&#34;brush: csharp; title: ; notranslate&#34; title=&#34;&#34;&gt;RestClient client = new RestClient(
string.Format(&#34;https://{0}.{1}&#34;, serviceNamespace, accesscontrol.windows.net));
RestRequest treq = new RestRequest(&#34;/WRAPv0.9&#34;);
treq.Method = Method.POST;
treq.AddParameter(&#34;wrap_name&#34;, uid);
treq.AddParameter(&#34;wrap_password&#34;, pwd);
treq.AddParameter(&#34;wrap_scope&#34;, realm);
client.ExecuteAsync(treq, (re) =&amp;amp;gt;
{
// Get expiration
string expiry = result
.Split(&#39;&amp;amp;amp;&#39;)
.Single(value =&amp;amp;gt; value.StartsWith(&#34;wrap_access_token_expires_in&#34;, StringComparison.OrdinalIgnoreCase)).
Split(&#39;=&#39;)[1];

// Get Access Token
result = HttpUtility.UrlDecode(
result
.Split(&#39;&amp;amp;amp;&#39;)
.Single(value =&amp;amp;gt; value.StartsWith(&#34;wrap_access_token=&#34;, StringComparison.OrdinalIgnoreCase))
.Split(&#39;=&#39;)[1]);

token = new AcsToken()
{
ExpirationDate = DateTime.Now.AddSeconds(Int32.Parse(expiry)),
TokenString = string.Format(&#34;WRAP access_token=&#34;{0}&#34;&#34;, result),
};
});
&lt;/pre&gt;

&lt;p&gt;Now the token is stored in a local variable &amp;#8216;token&amp;#8217; where it is possible to check if it is expired and to get the token string which the can be used to put in the header of coming requests against the ACS secured WCF REST service.&lt;/p&gt;

&lt;p&gt;And just for as a ending note; here&amp;#8217;s the Token type:&lt;/p&gt;

&lt;pre class=&#34;brush: csharp; title: ; notranslate&#34; title=&#34;&#34;&gt;class AcsToken
{
public string TokenString { get; set; }
public DateTime ExpirationDate { get; set; }

public bool IsExpired
{
get
{
return DateTime.Now &amp;amp;gt; ExpirationDate;
}
}
}
&lt;/pre&gt;

&lt;p&gt;That&amp;#8217;s it for this part of the ACS post series. More will follow :)&lt;/p&gt;

&lt;div style=&#34;font-size:0px;height:0px;line-height:0px;margin:0;padding:0;clear:both&#34;&gt;
&lt;/div&gt;
</description>
    </item>
    
  </channel>
</rss>