<?xml version="1.0" encoding="utf-8" standalone="yes" ?>
<rss version="2.0" xmlns:atom="http://www.w3.org/2005/Atom">
  <channel>
    <title>Vs on SystemOut</title>
    <link>http://systemout.net/tags/vs/</link>
    <description>Recent content in Vs on SystemOut</description>
    <generator>Hugo -- gohugo.io</generator>
    <language>en-us</language>
    <managingEditor>nmj@systemout.net (Nicklas Møller Jepsen)</managingEditor>
    <webMaster>nmj@systemout.net (Nicklas Møller Jepsen)</webMaster>
    <lastBuildDate>Tue, 20 Dec 2011 00:00:00 +0000</lastBuildDate>
    <atom:link href="http://systemout.net/tags/vs/index.xml" rel="self" type="application/rss+xml" />
    
    <item>
      <title>&#39;Code Snippet &amp;#8211; &amp;#8216;Default&amp;#8217; regions in C# class&#39;</title>
      <link>http://systemout.net/2011/12/20/code-snippet-default-regions-in-c-class/</link>
      <pubDate>Tue, 20 Dec 2011 00:00:00 +0000</pubDate>
      <author>nmj@systemout.net (Nicklas Møller Jepsen)</author>
      <guid>http://systemout.net/2011/12/20/code-snippet-default-regions-in-c-class/</guid>
      <description>

&lt;p&gt;I&amp;#8217;m currently trying to standardizes the way I&amp;#8217;m writing code. To achieve this I simply try to comply to some simple code standards. This is, in some areas, easy to accomplish because of the Visual Studio auto format option.&lt;/p&gt;

&lt;h3 id=&#34;why-use-regions-in-c:c51a732b228bfaadd0752dffdfefd3c4&#34;&gt;Why use Regions in C&lt;/h3&gt;

&lt;p&gt;The auto format of source code, however, do not take care off where in the file the different parts that together becomes a class is placed. Therefore I decided to use regions. Regions are good at many things for instance you can collapse/expand your regions (see below) and you can group methods/properties/fields and so forth accordingly.&lt;/p&gt;

&lt;p&gt;Expanded:&lt;/p&gt;

&lt;p&gt;&lt;a href=&#34;http://systemout.net/wp-content/uploads/2011/12/expanded.png&#34;&gt;&lt;img class=&#34;alignnone size-full wp-image-77&#34; style=&#34;border-color: initial; border-style: initial;&#34; title=&#34;Expanded&#34; src=&#34;http://systemout.net/wp-content/uploads/2011/12/expanded.png&#34; alt=&#34;&#34; width=&#34;207&#34; height=&#34;116&#34; /&gt;&lt;/a&gt;&lt;/p&gt;

&lt;p&gt;Collapsed:&lt;/p&gt;

&lt;p&gt;&lt;img class=&#34;alignnone size-full wp-image-78&#34; title=&#34;Collapsed&#34; src=&#34;http://systemout.net/wp-content/uploads/2011/12/collapsed.png&#34; alt=&#34;&#34; width=&#34;157&#34; height=&#34;85&#34; /&gt;&lt;/p&gt;

&lt;h3 id=&#34;the-c-code-snippet:c51a732b228bfaadd0752dffdfefd3c4&#34;&gt;The C# Code Snippet&lt;/h3&gt;

&lt;p&gt;Well, now to the Code Snippet as I&amp;#8217;ve created based on this &lt;a href=&#34;http://stackoverflow.com/questions/603758/whats-the-best-way-to-layout-a-c-sharp-class&#34; target=&#34;_blank&#34;&gt;StackOverflow &lt;/a&gt;post.&lt;/p&gt;

&lt;p&gt;The snippet creates this layout of the class:&lt;/p&gt;

&lt;p&gt;&lt;img class=&#34;alignnone size-full wp-image-81&#34; title=&#34;SnippetCollapsed&#34; src=&#34;http://systemout.net/wp-content/uploads/2011/12/snippetcollapsed.png&#34; alt=&#34;&#34; width=&#34;187&#34; height=&#34;219&#34; /&gt;&lt;/p&gt;

&lt;p&gt;Of course a class can contain a lot more then this, but I think as a general purpose snippet, this will do.&lt;/p&gt;

&lt;p&gt;The XML of the snippet is here:&lt;/p&gt;

&lt;pre class=&#34;brush: xml; title: ; notranslate&#34; title=&#34;&#34;&gt;&amp;lt;?xml version=&#34;1.0&#34; encoding=&#34;UTF-8&#34;?&amp;gt;
&amp;lt;CodeSnippets xmlns=&#34;http://schemas.microsoft.com/VisualStudio/2005/CodeSnippet&#34;&amp;gt;
    &amp;lt;CodeSnippet Format=&#34;1.0.0&#34;&amp;gt;
        &amp;lt;Header&amp;gt;
            &amp;lt;Title&amp;gt;Standard Class&amp;lt;/Title&amp;gt;
            &amp;lt;Shortcut&amp;gt;stdcl&amp;lt;/Shortcut&amp;gt;
            &amp;lt;Description&amp;gt;Create standard C# regions for this class.&amp;lt;/Description&amp;gt;
            &amp;lt;Author&amp;gt;Nicklas Møller Jepsen&amp;lt;/Author&amp;gt;
            &amp;lt;SnippetTypes&amp;gt;
                &amp;lt;SnippetType&amp;gt;Expansion&amp;lt;/SnippetType&amp;gt;
            &amp;lt;/SnippetTypes&amp;gt;
        &amp;lt;/Header&amp;gt;
        &amp;lt;Snippet&amp;gt;
        &amp;lt;Declarations&amp;gt;
            &amp;lt;Literal default=&#34;true&#34; Editable=&#34;false&#34;&amp;gt;
                    &amp;lt;ID&amp;gt;classname&amp;lt;/ID&amp;gt;
                    &amp;lt;ToolTip&amp;gt;Class name&amp;lt;/ToolTip&amp;gt;
                    &amp;lt;Function&amp;gt;ClassName()&amp;lt;/Function&amp;gt;
                    &amp;lt;Default&amp;gt;ClassNamePlaceholder&amp;lt;/Default&amp;gt;
                &amp;lt;/Literal&amp;gt;

        &amp;lt;/Declarations&amp;gt;
        &amp;lt;Code Language=&#34;csharp&#34; Kind=&#34;method head&#34;&amp;gt;&amp;lt;![CDATA[#region Fields

                #endregion

                #region Constructors

                public $classname$() { }

                #endregion

                #region Properties

                #endregion

                #region Methods

                #endregion
        $end$
        ]]&amp;gt;
        &amp;lt;/Code&amp;gt;
        &amp;lt;/Snippet&amp;gt;
    &amp;lt;/CodeSnippet&amp;gt;
&amp;lt;/CodeSnippets&amp;gt;
&lt;/pre&gt;

&lt;p&gt;You can download the snippet &lt;a href=&#34;http://dl.dropbox.com/u/212154/systemoutdotnet/stdcl.snippet&#34; target=&#34;_blank&#34;&gt;here&lt;/a&gt;.&lt;/p&gt;

&lt;p&gt;Please let me know if you have any comments to the snippet or let me know if you have any great ideas for some new snippets :)&lt;/p&gt;

&lt;p&gt;&amp;nbsp;&lt;/p&gt;

&lt;p&gt;Cheers, Nicklas&lt;/p&gt;

&lt;p&gt;&amp;nbsp;&lt;/p&gt;

&lt;div style=&#34;font-size:0px;height:0px;line-height:0px;margin:0;padding:0;clear:both&#34;&gt;
&lt;/div&gt;
</description>
    </item>
    
    <item>
      <title>&#39;Code Snippet &amp;#8211; How to add to Visual Studio&#39;</title>
      <link>http://systemout.net/2011/12/07/code-snippet-how-to-add-visual-studio/</link>
      <pubDate>Wed, 07 Dec 2011 00:00:00 +0000</pubDate>
      <author>nmj@systemout.net (Nicklas Møller Jepsen)</author>
      <guid>http://systemout.net/2011/12/07/code-snippet-how-to-add-visual-studio/</guid>
      <description>&lt;p&gt;This post describes how you can add your own code snippets to Visual Studio.&lt;/p&gt;

&lt;p&gt;Go to Tools &amp;gt; Code Snippets Manager&lt;/p&gt;

&lt;p&gt;&lt;a href=&#34;http://systemout.net/wp-content/uploads/2011/12/vscs.png&#34;&gt;&lt;img class=&#34;size-full wp-image-41 aligncenter&#34; title=&#34;Code Snippets Manager&#34; src=&#34;http://systemout.net/wp-content/uploads/2011/12/vscs.png&#34; alt=&#34;&#34; width=&#34;629&#34; height=&#34;469&#34; /&gt;&lt;/a&gt;&lt;/p&gt;

&lt;p&gt;Select C# (presuming you want to add a snippet for C# &lt;img src=&#34;http://www.systemout.net/wp-includes/images/smilies/icon_wink.gif&#34; alt=&#34;;)&#34; class=&#34;wp-smiley&#34; /&gt; )&lt;/p&gt;

&lt;p&gt;Click the Add button and browse to the location where your code snippet is stored. The file must end with .snippet&lt;/p&gt;

&lt;p&gt;&lt;a href=&#34;http://systemout.net/wp-content/uploads/2011/12/vscs2.png&#34;&gt;&lt;img class=&#34;size-full wp-image-42 aligncenter&#34; title=&#34;Code Snippets Manager 2&#34; src=&#34;http://systemout.net/wp-content/uploads/2011/12/vscs2.png&#34; alt=&#34;&#34; width=&#34;629&#34; height=&#34;469&#34; /&gt;&lt;/a&gt;&lt;/p&gt;

&lt;p&gt;Now you can use the snippet by typing the shortcut in your C# class witch in this case is sglt:&lt;/p&gt;

&lt;p&gt;&lt;a href=&#34;http://systemout.net/wp-content/uploads/2011/12/sgltsnippetbefore.png&#34;&gt;&lt;img class=&#34;size-full wp-image-43 aligncenter&#34; title=&#34;Before insertion of the snippet&#34; src=&#34;http://systemout.net/wp-content/uploads/2011/12/sgltsnippetbefore.png&#34; alt=&#34;&#34; width=&#34;527&#34; height=&#34;113&#34; /&gt;&lt;/a&gt;&lt;/p&gt;

&lt;p&gt;After the snippet are inserted:&lt;/p&gt;

&lt;p&gt;&lt;a href=&#34;http://systemout.net/wp-content/uploads/2011/12/sgltsnippetafter.png&#34;&gt;&lt;img class=&#34;size-full wp-image-44 aligncenter&#34; title=&#34;After snippet are inserted&#34; src=&#34;http://systemout.net/wp-content/uploads/2011/12/sgltsnippetafter.png&#34; alt=&#34;&#34; width=&#34;391&#34; height=&#34;348&#34; /&gt;&lt;/a&gt;&lt;/p&gt;

&lt;p&gt;Pretty simple, right? :)&lt;/p&gt;

&lt;div style=&#34;font-size:0px;height:0px;line-height:0px;margin:0;padding:0;clear:both&#34;&gt;
&lt;/div&gt;
</description>
    </item>
    
  </channel>
</rss>