<?xml version="1.0" encoding="utf-8" standalone="yes" ?>
<rss version="2.0" xmlns:atom="http://www.w3.org/2005/Atom">
  <channel>
    <title>Hotfix on SystemOut</title>
    <link>http://systemout.net/tags/hotfix/</link>
    <description>Recent content in Hotfix on SystemOut</description>
    <generator>Hugo -- gohugo.io</generator>
    <language>en-us</language>
    <managingEditor>nmj@systemout.net (Nicklas Møller Jepsen)</managingEditor>
    <webMaster>nmj@systemout.net (Nicklas Møller Jepsen)</webMaster>
    <lastBuildDate>Wed, 12 Aug 2015 00:00:00 +0000</lastBuildDate>
    <atom:link href="http://systemout.net/tags/hotfix/index.xml" rel="self" type="application/rss+xml" />
    
    <item>
      <title>Windows 10 - How to configure network adapter - properties not working</title>
      <link>http://systemout.net/2015/08/12/windows-10-how-to-configure-network-adapter-properties-not-working/</link>
      <pubDate>Wed, 12 Aug 2015 00:00:00 +0000</pubDate>
      <author>nmj@systemout.net (Nicklas Møller Jepsen)</author>
      <guid>http://systemout.net/2015/08/12/windows-10-how-to-configure-network-adapter-properties-not-working/</guid>
      <description>

&lt;p&gt;So I have installed Windows 10 RTM on my main PC and overall I&amp;rsquo;m happy with it. Although it still seems a little bit &amp;ldquo;beta&amp;rdquo; I am satisfied.
One problem I have encountered is that when setting up a VPN to be able to access company resources I am no longer able to access the Advanced Properties of the VPN Network Adapter:&lt;/p&gt;

&lt;p&gt;&lt;img src=&#34;http://systemout.net/images/VPNProperties.png&#34; alt=&#34;VPN Properties&#34; /&gt;
&lt;/p&gt;

&lt;p&gt;Whenever I click on the Properties button for Internet Protocol Version 4 (TCP/IPv4) nothing happens!
This is really annoying me, because I need to be connected to the VPN so that I can access all the internal resources on my workplace, but I don want to use their gateway to route all my traffic hence I need to be able to configure the TCP/IP properties.&lt;/p&gt;

&lt;p&gt;The issue is reported &lt;a href=&#34;http://answers.microsoft.com/en-us/insider/forum/insider_wintp-insider_web/network-connection-vpn-ipv4-properties-not-working/a60edf99-4b06-4219-bb75-b7c08de4ff9e&#34;&gt;here on Microsoft Answers&lt;/a&gt;.&lt;/p&gt;

&lt;h3 id=&#34;the-solution:8aa04abc3ef5ae8e91f0727374eefb64&#34;&gt;The Solution&lt;/h3&gt;

&lt;p&gt;As mentioned in the above link, the network connection properties are stored in a plain text file located at &amp;ldquo;C:\Users[YOURUSER]\AppData\Roaming\Microsoft\Network\Connections\Pbk\rasphone.pbk&amp;rdquo;
And the setting for &amp;ldquo;Use default gateway on remote network&amp;rdquo; is called &amp;ldquo;IpPrioritizeRemote&amp;rdquo;.
So changing this to: &lt;code&gt;IpPrioritizeRemote=0&lt;/code&gt; did indeed fix the problem for me.&lt;/p&gt;
</description>
    </item>
    
  </channel>
</rss>