<?xml version="1.0" encoding="utf-8" standalone="yes" ?>
<rss version="2.0" xmlns:atom="http://www.w3.org/2005/Atom">
  <channel>
    <title>Openweathermap.Org on SystemOut</title>
    <link>http://systemout.net/tags/openweathermap/index.org/</link>
    <description>Recent content in Openweathermap.Org on SystemOut</description>
    <generator>Hugo -- gohugo.io</generator>
    <language>en-us</language>
    <managingEditor>nmj@systemout.net (Nicklas Møller Jepsen)</managingEditor>
    <webMaster>nmj@systemout.net (Nicklas Møller Jepsen)</webMaster>
    <lastBuildDate>Fri, 04 Mar 2016 00:00:00 +0000</lastBuildDate>
    <atom:link href="http://systemout.net/tags/openweathermap.org/index.xml" rel="self" type="application/rss+xml" />
    
    <item>
      <title>OpenWeatherMap.org UWP Nuget package</title>
      <link>http://systemout.net/2016/03/04/openweathermap-org-uwp-nuget-package/</link>
      <pubDate>Fri, 04 Mar 2016 00:00:00 +0000</pubDate>
      <author>nmj@systemout.net (Nicklas Møller Jepsen)</author>
      <guid>http://systemout.net/2016/03/04/openweathermap-org-uwp-nuget-package/</guid>
      <description>

&lt;h2 id=&#34;introduction:892489330e9c6b26821ab6844b34eff6&#34;&gt;Introduction&lt;/h2&gt;

&lt;p&gt;For a hobby project where I created a &amp;ldquo;Magic Mirror&amp;rdquo; - more on that later on - I needed some weather information. I decided to go with &lt;a href=&#34;http://openweathermap.org/&#34;&gt;OpenWeatherMap&lt;/a&gt; because they have a free plan, they have a nice HTTP API and a pretty simple model.&lt;/p&gt;

&lt;p&gt;I thought that it probably wouldn&amp;rsquo;t be the last time I would need to include weather data in one of my projects and there fore decided to write a generic Nuget package as a C# Universal Windows Platform class library. The reason for choosing UWP was that I needed to run the application on Windows Core IoT and also to make the Nuget package as usable as possible in future projects.&lt;/p&gt;

&lt;p&gt;You can install the package in your own projects by running the following from the Package Manager Console in Visual Studio:&lt;/p&gt;

&lt;p&gt;&lt;code&gt;Install-Package SystemOutWeatherApi&lt;/code&gt;&lt;/p&gt;

&lt;p&gt;If you just want to check out the source for the project, then go to &lt;a href=&#34;https://github.com/nicklasjepsen/SystemOutWeatherApi&#34;&gt;Github where I host the repository&lt;/a&gt;.&lt;/p&gt;

&lt;h2 id=&#34;how-to-use-the-nuget:892489330e9c6b26821ab6844b34eff6&#34;&gt;How to use the Nuget&lt;/h2&gt;

&lt;p&gt;Simply create a new instance of the &lt;code&gt;WeatherService&lt;/code&gt; and provide the appId that you can acquire from &lt;a href=&#34;http://openweathermap.org/api&#34;&gt;http://openweathermap.org/api&lt;/a&gt;&lt;/p&gt;

&lt;p&gt;Now some notes about the implementation&amp;hellip;&lt;/p&gt;

&lt;h2 id=&#34;paste-as-json-in-visual-studio:892489330e9c6b26821ab6844b34eff6&#34;&gt;Paste as JSON in Visual Studio&lt;/h2&gt;

&lt;p&gt;First of I want to share the brilliant little function the devs at the Visual Studio team has provided us with: Paste as JSON, found in the Edit &amp;gt; Paste Special menu in VS.
The reason I&amp;rsquo;m telling you this, is because in this project, I needed to create a C# representation of the OWM data returned from their service, and that was pretty straight forward with this function.&lt;/p&gt;

&lt;h3 id=&#34;note-about-localization:892489330e9c6b26821ab6844b34eff6&#34;&gt;Note about localization&lt;/h3&gt;

&lt;p&gt;The Nuget currently only supports en-US and da-DK locales, but if you want to, go ahead an translate the strings in the Asserts folder in the solution. And if you do, please make a pull request so others can enjoy.&lt;/p&gt;

&lt;h2 id=&#34;the-interface:892489330e9c6b26821ab6844b34eff6&#34;&gt;The interface&lt;/h2&gt;

&lt;p&gt;The Nuget is just a simple interface wrapping some HTTP requests and de-serializing the JSON into .NET objects, here is a view of the code:&lt;/p&gt;

&lt;p&gt;&lt;div class=&#34;highlight&#34; style=&#34;background: #f0f0f0&#34;&gt;&lt;pre style=&#34;line-height: 125%&#34;&gt;&lt;span style=&#34;color: #007020; font-weight: bold&#34;&gt;public&lt;/span&gt; &lt;span style=&#34;color: #007020; font-weight: bold&#34;&gt;async&lt;/span&gt; Task&amp;lt;WeatherData&amp;gt; GetWeatherDataForCoordinates(&lt;span style=&#34;color: #902000&#34;&gt;string&lt;/span&gt; lon, &lt;span style=&#34;color: #902000&#34;&gt;string&lt;/span&gt; lat)
{
    &lt;span style=&#34;color: #007020; font-weight: bold&#34;&gt;return&lt;/span&gt; &lt;span style=&#34;color: #007020; font-weight: bold&#34;&gt;await&lt;/span&gt; weatherServiceProvider.ExecuteAsync(&lt;span style=&#34;border: 1px solid #FF0000&#34;&gt;$&lt;/span&gt;&lt;span style=&#34;color: #4070a0&#34;&gt;&amp;quot;{Uri}lat={lat}&amp;amp;lon={lon}&amp;quot;&lt;/span&gt;);
}
&lt;span style=&#34;color: #007020; font-weight: bold&#34;&gt;public&lt;/span&gt; &lt;span style=&#34;color: #007020; font-weight: bold&#34;&gt;async&lt;/span&gt; Task&amp;lt;WeatherData&amp;gt; GetWeatherDataForCity(&lt;span style=&#34;color: #902000&#34;&gt;string&lt;/span&gt; cityName)
{
    &lt;span style=&#34;color: #007020; font-weight: bold&#34;&gt;return&lt;/span&gt; &lt;span style=&#34;color: #007020; font-weight: bold&#34;&gt;await&lt;/span&gt; weatherServiceProvider.ExecuteAsync(&lt;span style=&#34;border: 1px solid #FF0000&#34;&gt;$&lt;/span&gt;&lt;span style=&#34;color: #4070a0&#34;&gt;&amp;quot;{Uri}q={cityName}&amp;quot;&lt;/span&gt;);
}

&lt;span style=&#34;color: #007020; font-weight: bold&#34;&gt;public&lt;/span&gt; &lt;span style=&#34;color: #007020; font-weight: bold&#34;&gt;async&lt;/span&gt; Task&amp;lt;WeatherData&amp;gt; GetWeatherDataForCity(&lt;span style=&#34;color: #902000&#34;&gt;string&lt;/span&gt; zip, &lt;span style=&#34;color: #902000&#34;&gt;string&lt;/span&gt; country)
{
    &lt;span style=&#34;color: #007020; font-weight: bold&#34;&gt;return&lt;/span&gt; &lt;span style=&#34;color: #007020; font-weight: bold&#34;&gt;await&lt;/span&gt; weatherServiceProvider.ExecuteAsync(&lt;span style=&#34;border: 1px solid #FF0000&#34;&gt;$&lt;/span&gt;&lt;span style=&#34;color: #4070a0&#34;&gt;&amp;quot;{Uri}zip={zip},{country}&amp;quot;&lt;/span&gt;);
}

&lt;span style=&#34;color: #007020; font-weight: bold&#34;&gt;public&lt;/span&gt; &lt;span style=&#34;color: #007020; font-weight: bold&#34;&gt;async&lt;/span&gt; Task&amp;lt;WeatherData&amp;gt; GetWeatherDataForCityId(&lt;span style=&#34;color: #902000&#34;&gt;string&lt;/span&gt; cityId)
{
    &lt;span style=&#34;color: #007020; font-weight: bold&#34;&gt;return&lt;/span&gt; &lt;span style=&#34;color: #007020; font-weight: bold&#34;&gt;await&lt;/span&gt; weatherServiceProvider.ExecuteAsync(&lt;span style=&#34;border: 1px solid #FF0000&#34;&gt;$&lt;/span&gt;&lt;span style=&#34;color: #4070a0&#34;&gt;&amp;quot;{Uri}id={cityId}&amp;quot;&lt;/span&gt;);
}
&lt;/pre&gt;&lt;/div&gt;
&lt;/p&gt;

&lt;p&gt;Further then that it is just a matter of exception handling and making sure that the OWP API key is provided.&lt;/p&gt;

&lt;p&gt;Remember to check out the &lt;a href=&#34;https://www.nuget.org/packages/SystemOutWeatherApi/&#34;&gt;Nuget Site for the project&lt;/a&gt; or simply install it directly in you projects:
&lt;code&gt;Install-Package SystemOutWeatherApi&lt;/code&gt;&lt;/p&gt;

&lt;p&gt;Also check out &lt;a href=&#34;https://github.com/nicklasjepsen/SystemOutWeatherApi&#34;&gt;Github repo&lt;/a&gt;!&lt;/p&gt;

&lt;p&gt;Thanks for reading and please post you questions/comments if you have any.&lt;/p&gt;
</description>
    </item>
    
  </channel>
</rss>